entry_id,csv_record,name_en,name_cn,status,reason,candidate_games,candidate_releases,parsed_name
1,2,"[BIOS] Game Genie (USA, Europe) (Unl)",,unmatched,no_base_title_candidate,[],[],"{""base"": ""[bios] game genie"", ""regions"": [""europe"", ""usa""], ""languages"": [], ""identity"": [], ""version"": [""unl""], ""stage"": [], ""tags"": [""europe"", ""unl"", ""usa""]}"
630,631,"EarthBound Beginnings (USA, Europe) (Virtual Console)",地球冒险,unmatched,no_base_title_candidate,[],[],"{""base"": ""earthbound beginnings"", ""regions"": [""europe"", ""usa""], ""languages"": [], ""identity"": [], ""version"": [""virtual console""], ""stage"": [], ""tags"": [""europe"", ""usa"", ""virtual console""]}"
1938,1939,Shanggu Shen Jian (China) (Unl),爆笑三国志,ambiguous,identity_qualifiers_differ,[368],"[[725, 368, ""Shanggu Shen Jian (China) (Hengge) (Unl)""]]","{""base"": ""shanggu shen jian"", ""regions"": [""china""], ""languages"": [], ""identity"": [], ""version"": [""unl""], ""stage"": [], ""tags"": [""china"", ""unl""]}"
2024,2025,Baoxiao Sanguo (China) (Unl),爆笑三国,unmatched,no_base_title_candidate,[],[],"{""base"": ""baoxiao sanguo"", ""regions"": [""china""], ""languages"": [], ""identity"": [], ""version"": [""unl""], ""stage"": [], ""tags"": [""china"", ""unl""]}"
2285,2286,Policeman (Spain) (En) (Micro Genius) (Unl),警察,ambiguous,identity_qualifiers_differ,[2327],"[[4897, 2327, ""Policeman (Spain) (En) (Unl)""]]","{""base"": ""policeman"", ""regions"": [""spain""], ""languages"": [""en""], ""identity"": [""micro genius""], ""version"": [""unl""], ""stage"": [], ""tags"": [""en"", ""micro genius"", ""spain"", ""unl""]}"
2579,2580,Tank (Taiwan) (En) (Caltron) (Unl),坦克,ambiguous,identity_qualifiers_differ,[3045],"[[6465, 3045, ""Tank (Taiwan) (En) (Unl)""], [6466, 3045, ""Tank (Asia) (En) (Extract) (Unl)""]]","{""base"": ""tank"", ""regions"": [""taiwan""], ""languages"": [""en""], ""identity"": [""caltron""], ""version"": [""unl""], ""stage"": [], ""tags"": [""caltron"", ""en"", ""taiwan"", ""unl""]}"
2580,2581,Tank (Asia) (En) (Asder) (Unl),坦克,ambiguous,identity_qualifiers_differ,[3045],"[[6465, 3045, ""Tank (Taiwan) (En) (Unl)""], [6466, 3045, ""Tank (Asia) (En) (Extract) (Unl)""]]","{""base"": ""tank"", ""regions"": [""asia""], ""languages"": [""en""], ""identity"": [""asder""], ""version"": [""unl""], ""stage"": [], ""tags"": [""asder"", ""asia"", ""en"", ""unl""]}"
2582,2583,Tanque (Spain) (En) (NTDEC) (Unl),舌头,ambiguous,identity_qualifiers_differ,[3045],"[[6467, 3045, ""Tanque (Spain) (En) (Unl)""]]","{""base"": ""tanque"", ""regions"": [""spain""], ""languages"": [""en""], ""identity"": [""ntdec""], ""version"": [""unl""], ""stage"": [], ""tags"": [""en"", ""ntdec"", ""spain"", ""unl""]}"
2805,2806,Venice Beach Volleyball (USA) (MB-91) (Unl),威尼斯沙滩排球赛,ambiguous,identity_qualifiers_differ,[3272],"[[6992, 3272, ""Venice Beach Volleyball (USA) (v1.1) (Unl)""], [6993, 3272, ""Venice Beach Volleyball (Taiwan) (En) (Super Mega) (Unl)""], [6994, 3272, ""Venice Beach Volleyball (USA) (Unl)""], [6995, 3272, ""Venice Beach Volleyball (USA) (Beta 2) (Unl)""], [6996, 3272, ""Venice Beach Volleyball (Taiwan) (En) (TXC) (Unl)""], [6997, 3272, ""Venice Beach Volleyball (USA) (Beta 1) (Unl)""], [6998, 3272, ""Venice Beach Volleyball (USA) (Beta 3) (Unl)""]]","{""base"": ""venice beach volleyball"", ""regions"": [""usa""], ""languages"": [], ""identity"": [""mb-91""], ""version"": [""unl""], ""stage"": [], ""tags"": [""mb-91"", ""unl"", ""usa""]}"
2817,2818,Volley Ball (Spain) (En) (Idea-Tek) (Unl),排球,ambiguous,identity_qualifiers_differ,[3272],"[[6999, 3272, ""Volley Ball (Spain) (En) (Unl)""]]","{""base"": ""volley ball"", ""regions"": [""spain""], ""languages"": [""en""], ""identity"": [""idea-tek""], ""version"": [""unl""], ""stage"": [], ""tags"": [""en"", ""idea-tek"", ""spain"", ""unl""]}"
3189,3190,"168-in-1 (Asia) (En,Ja) (AB CARD-15) (Pirate)",游戏168合1,ambiguous,identity_qualifiers_differ,[36],"[[46, 36, ""168-in-1 (Asia) (En,Ja) (ABCARD-15) (Pirate)""]]","{""base"": ""168-in-1"", ""regions"": [""asia""], ""languages"": [""en"", ""ja""], ""identity"": [""ab card-15""], ""version"": [""pirate""], ""stage"": [], ""tags"": [""ab card-15"", ""asia"", ""en"", ""ja"", ""pirate""]}"
3193,3194,1993 290-in-1 (Asia) (En) (Pirate),,unmatched,no_base_title_candidate,[],[],"{""base"": ""1993 290-in-1"", ""regions"": [""asia""], ""languages"": [""en""], ""identity"": [], ""version"": [""pirate""], ""stage"": [], ""tags"": [""asia"", ""en"", ""pirate""]}"
3202,3203,52-in-1 (Asia) (En) (Pirate),,ambiguous,identity_qualifiers_differ,"[100, 101]","[[169, 100, ""52-in-1 (Asia) (En) (VT302) (Pirate)""], [170, 101, ""52-in-1 (China) (En) (BS-6032) (Pirate)""]]","{""base"": ""52-in-1"", ""regions"": [""asia""], ""languages"": [""en""], ""identity"": [], ""version"": [""pirate""], ""stage"": [], ""tags"": [""asia"", ""en"", ""pirate""]}"
3240,3241,Earthworm Jim 2 (Taiwan) (En) (Super Game) (SPC009 Extract) (Pirate),蚯蚓吉姆 2,ambiguous,identity_qualifiers_differ,"[988, 989]","[[2134, 988, ""Earthworm Jim 2 (Taiwan) (En) (Super Game) (Pirate)""], [2135, 988, ""Earthworm Jim 2 (Taiwan) (En) (Beta) (Super Game) (Pirate)""], [2136, 989, ""Earthworm Jim 2 (Taiwan) (En) (Shin-Shin) (Pirate)""]]","{""base"": ""earthworm jim 2"", ""regions"": [""taiwan""], ""languages"": [""en""], ""identity"": [""spc009 extract"", ""super game""], ""version"": [""pirate""], ""stage"": [], ""tags"": [""en"", ""pirate"", ""spc009 extract"", ""super game"", ""taiwan""]}"
3270,3271,Hunter (Asia) (En) (Pirate),,ambiguous,identity_qualifiers_differ,[1443],"[[3046, 1443, ""Hunter (Asia) (En) (Extract) (Pirate)""]]","{""base"": ""hunter"", ""regions"": [""asia""], ""languages"": [""en""], ""identity"": [], ""version"": [""pirate""], ""stage"": [], ""tags"": [""asia"", ""en"", ""pirate""]}"
3354,3355,Street Fighter II - The World Warrior (Asia) (En) (Invincibility) (Pirate),,unmatched,no_base_title_candidate,[],[],"{""base"": ""street fighter ii - the world warrior"", ""regions"": [""asia""], ""languages"": [""en""], ""identity"": [""invincibility""], ""version"": [""pirate""], ""stage"": [], ""tags"": [""asia"", ""en"", ""invincibility"", ""pirate""]}"
3366,3367,Super 9999999-in-1 (China) (En) (Pirate),,ambiguous,identity_qualifiers_differ,"[2898, 2899]","[[6169, 2898, ""Super 9999999-in-1 (Asia) (En) (HH-009) (Pirate)""], [6170, 2899, ""Super 9999999-in-1 (China) (En) (FC3105) (Pirate)""]]","{""base"": ""super 9999999-in-1"", ""regions"": [""china""], ""languages"": [""en""], ""identity"": [], ""version"": [""pirate""], ""stage"": [], ""tags"": [""china"", ""en"", ""pirate""]}"
3377,3378,Super Gun Game 1992 Puzzle Edition 36-in-1 (China) (Pirate),,unmatched,no_base_title_candidate,[],[],"{""base"": ""super gun game 1992 puzzle edition 36-in-1"", ""regions"": [""china""], ""languages"": [], ""identity"": [], ""version"": [""pirate""], ""stage"": [], ""tags"": [""china"", ""pirate""]}"
3422,3423,93 Chaoji Hun (Asia) (En) (Spread Gun Cheat) (Pirate),,unmatched,no_base_title_candidate,[],[],"{""base"": ""93 chaoji hun"", ""regions"": [""asia""], ""languages"": [""en""], ""identity"": [""spread gun cheat""], ""version"": [""pirate""], ""stage"": [], ""tags"": [""asia"", ""en"", ""pirate"", ""spread gun cheat""]}"
3541,3542,Diveman (Asia) (En) (Unl),,ambiguous,identity_qualifiers_differ,[1229],"[[2603, 1229, ""Diveman (Asia) (En) (Extract) (Unl)""]]","{""base"": ""diveman"", ""regions"": [""asia""], ""languages"": [""en""], ""identity"": [], ""version"": [""unl""], ""stage"": [], ""tags"": [""asia"", ""en"", ""unl""]}"
3715,3716,Monster Brother (Asia) (En) (Pirate),,ambiguous,identity_qualifiers_differ,[1229],"[[2604, 1229, ""Monster Brother (Asia) (En) (Extract) (Pirate)""]]","{""base"": ""monster brother"", ""regions"": [""asia""], ""languages"": [""en""], ""identity"": [], ""version"": [""pirate""], ""stage"": [], ""tags"": [""asia"", ""en"", ""pirate""]}"
3813,3814,Sky Invader (Asia) (En) (Pirate),,unmatched,no_base_title_candidate,[],[],"{""base"": ""sky invader"", ""regions"": [""asia""], ""languages"": [""en""], ""identity"": [], ""version"": [""pirate""], ""stage"": [], ""tags"": [""asia"", ""en"", ""pirate""]}"
3829,3830,Street Fighter II - The World Warrior (Taiwan) (En) (Pirate),,unmatched,no_base_title_candidate,[],[],"{""base"": ""street fighter ii - the world warrior"", ""regions"": [""taiwan""], ""languages"": [""en""], ""identity"": [], ""version"": [""pirate""], ""stage"": [], ""tags"": [""en"", ""pirate"", ""taiwan""]}"
3922,3923,Tunshi Tiandi - Sanguo Waizhuan (China) (Xianfeng) (NTSC) (Pirate),,ambiguous,identity_qualifiers_differ,[3072],"[[6552, 3072, ""Tunshi Tiandi - Sanguo Waizhuan (China) (Waixing) (Pirate)""]]","{""base"": ""tunshi tiandi - sanguo waizhuan"", ""regions"": [""china""], ""languages"": [], ""identity"": [""xianfeng""], ""version"": [""ntsc"", ""pirate""], ""stage"": [], ""tags"": [""china"", ""ntsc"", ""pirate"", ""xianfeng""]}"
3923,3924,Tunshi Tiandi - Sanguo Waizhuan (China) (Xianfeng) (PAL) (Pirate),,ambiguous,identity_qualifiers_differ,[3072],"[[6552, 3072, ""Tunshi Tiandi - Sanguo Waizhuan (China) (Waixing) (Pirate)""]]","{""base"": ""tunshi tiandi - sanguo waizhuan"", ""regions"": [""china""], ""languages"": [], ""identity"": [""xianfeng""], ""version"": [""pal"", ""pirate""], ""stage"": [], ""tags"": [""china"", ""pal"", ""pirate"", ""xianfeng""]}"
3928,3929,Venice Beach Volleyball (USA) (NINA-06) (Unl),威尼斯沙滩排球赛,ambiguous,identity_qualifiers_differ,[3272],"[[6992, 3272, ""Venice Beach Volleyball (USA) (v1.1) (Unl)""], [6993, 3272, ""Venice Beach Volleyball (Taiwan) (En) (Super Mega) (Unl)""], [6994, 3272, ""Venice Beach Volleyball (USA) (Unl)""], [6995, 3272, ""Venice Beach Volleyball (USA) (Beta 2) (Unl)""], [6996, 3272, ""Venice Beach Volleyball (Taiwan) (En) (TXC) (Unl)""], [6997, 3272, ""Venice Beach Volleyball (USA) (Beta 1) (Unl)""], [6998, 3272, ""Venice Beach Volleyball (USA) (Beta 3) (Unl)""]]","{""base"": ""venice beach volleyball"", ""regions"": [""usa""], ""languages"": [], ""identity"": [""nina-06""], ""version"": [""unl""], ""stage"": [], ""tags"": [""nina-06"", ""unl"", ""usa""]}"
3941,3942,Wonder Rabbit (Asia) (En) (Unl),,ambiguous,identity_qualifiers_differ,[1229],"[[2605, 1229, ""Wonder Rabbit (Asia) (En) (Extract) (Unl)""]]","{""base"": ""wonder rabbit"", ""regions"": [""asia""], ""languages"": [""en""], ""identity"": [], ""version"": [""unl""], ""stage"": [], ""tags"": [""asia"", ""en"", ""unl""]}"
3990,3991,93 Chaoji Hun (China) (Pirate),,unmatched,no_base_title_candidate,[],[],"{""base"": ""93 chaoji hun"", ""regions"": [""china""], ""languages"": [], ""identity"": [], ""version"": [""pirate""], ""stage"": [], ""tags"": [""china"", ""pirate""]}"
4126,4127,Super Micro Machines 1999 (Asia) (En) (NT-6036) (Pirate),,ambiguous,identity_qualifiers_differ,[1941],"[[4130, 1941, ""Super Micro Machines 1999 (Asia) (En) (Pirate)""]]","{""base"": ""super micro machines 1999"", ""regions"": [""asia""], ""languages"": [""en""], ""identity"": [""nt-6036""], ""version"": [""pirate""], ""stage"": [], ""tags"": [""asia"", ""en"", ""nt-6036"", ""pirate""]}"
4148,4149,93 Zuixin Yizhi Chaoji Jinka 4-in-1 (China) (Unl),,unmatched,no_base_title_candidate,[],[],"{""base"": ""93 zuixin yizhi chaoji jinka 4-in-1"", ""regions"": [""china""], ""languages"": [], ""identity"": [], ""version"": [""unl""], ""stage"": [], ""tags"": [""china"", ""unl""]}"
4199,4200,Earthworm Jim 2 (Taiwan) (En) (Super Game) (Super 808 Extract) (Pirate),蚯蚓吉姆 2,ambiguous,identity_qualifiers_differ,"[988, 989]","[[2134, 988, ""Earthworm Jim 2 (Taiwan) (En) (Super Game) (Pirate)""], [2135, 988, ""Earthworm Jim 2 (Taiwan) (En) (Beta) (Super Game) (Pirate)""], [2136, 989, ""Earthworm Jim 2 (Taiwan) (En) (Shin-Shin) (Pirate)""]]","{""base"": ""earthworm jim 2"", ""regions"": [""taiwan""], ""languages"": [""en""], ""identity"": [""super 808 extract"", ""super game""], ""version"": [""pirate""], ""stage"": [], ""tags"": [""en"", ""pirate"", ""super 808 extract"", ""super game"", ""taiwan""]}"
4200,4201,Earthworm Jim 2 (Taiwan) (En) (Super Game) (SPC009 Extract) (Pirate) (Alt),蚯蚓吉姆 2,ambiguous,identity_qualifiers_differ,"[988, 989]","[[2134, 988, ""Earthworm Jim 2 (Taiwan) (En) (Super Game) (Pirate)""], [2135, 988, ""Earthworm Jim 2 (Taiwan) (En) (Beta) (Super Game) (Pirate)""], [2136, 989, ""Earthworm Jim 2 (Taiwan) (En) (Shin-Shin) (Pirate)""]]","{""base"": ""earthworm jim 2"", ""regions"": [""taiwan""], ""languages"": [""en""], ""identity"": [""spc009 extract"", ""super game""], ""version"": [""alt"", ""pirate""], ""stage"": [], ""tags"": [""alt"", ""en"", ""pirate"", ""spc009 extract"", ""super game"", ""taiwan""]}"
4341,4342,999999999-in-1 (Asia) (En) (Pirate),,ambiguous,identity_qualifiers_differ,"[157, 158]","[[243, 157, ""999999999-in-1 (Asia) (En) (BS-6039) (Pirate)""], [244, 158, ""999999999-in-1 (Asia) (En) (HP1022H) (Pirate)""]]","{""base"": ""999999999-in-1"", ""regions"": [""asia""], ""languages"": [""en""], ""identity"": [], ""version"": [""pirate""], ""stage"": [], ""tags"": [""asia"", ""en"", ""pirate""]}"
