game_id,parent_title,name_cn_id,name_cn,direct_release_count,source_titles
41,1943 - The Battle of Midway (USA),2,1943,1,"[""1943 (Japan) (FamicomBox)""]"
41,1943 - The Battle of Midway (USA),3,1943 - 中途岛战役,6,"[""1943 - The Battle of Midway (USA)"", ""1943 - The Battle of Midway (Japan) (Beta)"", ""1943 - The Battle of Midway (USA) (Beta 2)"", ""1943 - The Battle of Midway (USA) (Retro-Bit Generations)"", ""1943 - The Battle of Midway (USA) (Beta 1)"", ""1943 - The Battle of Valhalla (Japan)""]"
41,1943 - The Battle of Midway (USA),4,1944,1,"[""1944 (Asia) (Ja) (Pirate)""]"
79,4 Nin Uchi Mahjong (Japan) (Rev 1),138,中国麻将,1,"[""Zhong Guo Mahjong (China) (Pirate)""]"
79,4 Nin Uchi Mahjong (Japan) (Rev 1),426,四人麻将,2,"[""4 Nin Uchi Mahjong (Japan) (Rev 1)"", ""4 Nin Uchi Mahjong (Japan)""]"
161,Abadox - The Deadly Inner War (USA),1702,阿巴多克斯 - 致命的内部战争,1,"[""Abadox - The Deadly Inner War (USA)""]"
161,Abadox - The Deadly Inner War (USA),1710,阿贝道之战,1,"[""Abadox (Japan) (En)""]"
179,Adventure Island 3 (USA),264,冒险岛 3,2,"[""Adventure Island 3 (USA)"", ""Adventure Island III (Europe) (Proto)""]"
179,Adventure Island 3 (USA),1785,高桥名人的冒险岛 3,1,"[""Takahashi Meijin no Bouken-jima III (Japan)""]"
180,Adventure Island Classic (Europe),262,冒险岛,2,"[""Adventure Island Classic (Europe)"", ""Adventure Island (USA)""]"
180,Adventure Island Classic (Europe),583,孙小毛奇幻岛,1,"[""Sun Xiaomao Qihuan Dao - Kiddy Sun in Fantasia (Taiwan) (En)""]"
180,Adventure Island Classic (Europe),1783,高桥名人的冒险岛,2,"[""Takahashi Meijin no Bouken-jima (Japan)"", ""Takahashi Meijin no Bouken-jima (Asia) (Ja) (Pirate)""]"
181,"Adventure Island Part II, The (Europe)",263,冒险岛 2,4,"[""Adventure Island Part II, The (Europe)"", ""Adventure Island II (USA)"", ""Adventure Island II (USA) (Beta)"", ""Adventure Island II (Asia) (En) (Pirate)""]"
181,"Adventure Island Part II, The (Europe)",1784,高桥名人的冒险岛 2,1,"[""Takahashi Meijin no Bouken-jima II (Japan)""]"
226,Aladdin (Taiwan) (En) (Hummer Team) (Pirate),1703,阿拉丁,4,"[""Aladdin (Taiwan) (En) (Hummer Team) (Pirate)"", ""Aladdin (Russia) (Hummer Team) (Pirate)"", ""Aladdin (Asia) (En) (Hummer Team) (NT-622) (Pirate)"", ""Aladdin (Asia) (En) (Hummer Team) (A-N7) (Pirate)""]"
226,Aladdin (Taiwan) (En) (Hummer Team) (Pirate),1704,阿拉丁 2,1,"[""Aladdin II (Asia) (En) (Hummer Team) (Pirate)""]"
226,Aladdin (Taiwan) (En) (Hummer Team) (Pirate),1706,阿拉丁 4,2,"[""Aladdin 4 (Asia) (En) (Hummer Team) (1995) (Pirate)"", ""Aladdin 4 (Asia) (En) (Hummer Team) (1996) (Pirate)""]"
279,Arctic Adventure - Penguin & Seal (Australia) (Unl),204,企鹅和海豹,1,"[""Arctic Adventure - Penguin & Seal (Australia) (Unl)""]"
279,Arctic Adventure - Penguin & Seal (Australia) (Unl),313,动动脑 1,1,"[""Dong Dongnao 1 (Taiwan) (En) (Unl)""]"
308,Astyanax (Europe),812,战斧 4,1,"[""Golden Axe IV (Asia) (Ja) (Pirate)""]"
308,Astyanax (Europe),814,战王之王,5,"[""Astyanax (Europe)"", ""Astyanax (USA)"", ""Astyanax (USA) (Beta)"", ""Astyanax (World) (Evercade)"", ""Lord of King, The (Japan)""]"
313,Atlantis no Nazo (Japan) (En),156,亚特兰提斯之谜,3,"[""Atlantis no Nazo (Japan) (En)"", ""Atlantis no Nazo (Japan) (En) (Beta)"", ""Atlantis no Nazo (Japan) (En) (Virtual Console, Switch Online)""]"
313,Atlantis no Nazo (Japan) (En),1577,超级陷阱,1,"[""Super Pitfall II (USA) (Proto)""]"
342,Bad News Baseball (USA),466,坏消息棒球,2,"[""Bad News Baseball (USA)"", ""Bad News Baseball (USA) (Beta)""]"
342,Bad News Baseball (USA),1141,激斗棒球,1,"[""Gekitou Stadium!! (Japan)""]"
373,"Bard's Tale, The (USA)",271,冰城传奇,3,"[""Bard's Tale, The (USA)"", ""Bard's Tale, The (Japan)"", ""Bard's Tale, The (Japan) (Beta)""]"
373,"Bard's Tale, The (USA)",272,冰城传奇 - 未知传说,2,"[""Bard's Tale, The - Tales of the Unknown (USA) (Beta 1)"", ""Bard's Tale, The - Tales of the Unknown (USA) (Beta 2)""]"
380,Baseball Simulator 1.000 (USA),1011,模拟棒球,2,"[""Baseball Simulator 1.000 (USA)"", ""Baseball Simulator 1.000 (USA) (Virtual Console)""]"
380,Baseball Simulator 1.000 (USA),1541,超人棒球,2,"[""Choujin - Ultra Baseball (Japan)"", ""Choujin - Ultra Baseball (Japan) (Virtual Console)""]"
381,Baseball Stars (USA),1000,棒球之星,1,"[""Baseball Stars (USA)""]"
381,Baseball Stars (USA),1001,棒球之星 - 迈向三冠王,1,"[""Baseball Star - Mezase Sankanou!! (Japan)""]"
383,Bases Loaded (USA) (Rev 2),1130,满垒王,5,"[""Bases Loaded (USA) (Rev 2)"", ""Bases Loaded (USA)"", ""Bases Loaded (USA) (Rev 1)"", ""Bases Loaded (World) (Evercade)"", ""Bases Loaded (USA) (Beta) (1987-12-16)""]"
383,Bases Loaded (USA) (Rev 2),1178,燃烧职业棒球,6,"[""Moero!! Pro Yakyuu (Japan)"", ""Moero!! Pro Yakyuu (Japan) (Rev 2)"", ""Moero!! Pro Yakyuu (Japan) (Rev 3)"", ""Moero!! Pro Yakyuu (Japan) (Beta)"", ""Moero!! Pro Yakyuu (Japan) (Rev 1)"", ""Moero!! Pro Yakyuu (Japan) (Rev 3) (Virtual Console)""]"
384,Bases Loaded 3 (USA),1132,满垒王 3,1,"[""Bases Loaded 3 (USA)""]"
384,Bases Loaded 3 (USA),1180,燃烧职业棒球 '90 - 感动篇,1,"[""Moe Pro! '90 - Kandou Hen (Japan)""]"
385,Bases Loaded 4 (USA),1133,满垒王 4,1,"[""Bases Loaded 4 (USA)""]"
385,Bases Loaded 4 (USA),1181,燃烧职业棒球 - 最强篇,1,"[""Moe Pro! - Saikyou Hen (Japan)""]"
386,Bases Loaded II - Second Season (USA),1131,满垒王 2,1,"[""Bases Loaded II - Second Season (USA)""]"
386,Bases Loaded II - Second Season (USA),1179,燃烧职业棒球 '88 决定版,1,"[""Moero!! Pro Yakyuu '88 - Ketteiban (Japan)""]"
389,Batman - Return of the Joker (Europe),1487,蝙蝠侠 2,1,"[""Batman 2 (Asia) (En) (Pirate)""]"
389,Batman - Return of the Joker (Europe),1488,蝙蝠侠 2 - 小丑的复仇,4,"[""Batman - Return of the Joker (Europe)"", ""Batman - Return of the Joker (USA)"", ""Batman - Return of the Joker (USA) (Beta)"", ""Dynamite Batman (Japan) (En)""]"
389,Batman - Return of the Joker (Europe),1491,蝙蝠侠 4,1,"[""Batman 4 (Asia) (En) (Pirate)""]"
391,Batman Returns (Europe),1489,蝙蝠侠 3,1,"[""Batman III (Asia) (En) (Pirate)""]"
391,Batman Returns (Europe),1490,蝙蝠侠 3 - 大显神威,4,"[""Batman Returns (Europe)"", ""Batman Returns (USA)"", ""Batman Returns (Europe) (Beta)"", ""Batman Returns (Asia) (En) (Pirate)""]"
410,Battletoads-Double Dragon (Europe),757,忍者蛙 2,1,"[""Battletoad II (Asia) (En) (Pirate)""]"
410,Battletoads-Double Dragon (Europe),758,忍者蛙与双截龙,3,"[""Battletoads-Double Dragon (Europe)"", ""Battletoads-Double Dragon (USA)"", ""Battletoads-Double Dragon (USA, Europe) (Retro-Bit)""]"
453,"Black Bass, The (USA)",1859,黑巴斯,1,"[""Black Bass, The (USA)""]"
453,"Black Bass, The (USA)",1860,黑巴斯 2,1,"[""Black Bass II, The (Japan)""]"
462,Blaster Master (Europe),430,回到未来 4,1,"[""Back to the Future IV (Asia) (En) (Pirate)""]"
462,Blaster Master (Europe),1544,超惑星战记,8,"[""Blaster Master (Europe)"", ""Blaster Master (USA)"", ""Blaster Master (USA) (Beta)"", ""Blaster Master (USA, Europe) (Wii U Virtual Console)"", ""Blaster Master (World) (Evercade)"", ""Blaster Master (Europe) (Wii Virtual Console)"", ""Chou-Wakusei Senki - MetaFight (Japan) (En)"", ""Chou-Wakusei Senki - MetaFight (Japan) (En) (Virtual Console)""]"
528,Brush Roller (Taiwan) (En) (Unl),147,书呆子,2,"[""Booky Man (Spain) (En) (Unl)"", ""Booky Man (Brazil) (En) (Unl)""]"
528,Brush Roller (Taiwan) (En) (Unl),297,刷子与滚筒,1,"[""Brush Roller (Taiwan) (En) (Unl)""]"
533,"Bugs Bunny Blowout, The (Europe)",243,兔八哥 - 生日盛宴,3,"[""Bugs Bunny Blowout, The (Europe)"", ""Bugs Bunny Birthday Blowout, The (USA)"", ""Happy Birthday Bugs (Japan)""]"
533,"Bugs Bunny Blowout, The (Europe)",245,兔八哥生日派对,1,"[""Bugs Bunny Birthday Bash (USA) (Beta)""]"
534,"Bugs Bunny Crazy Castle, The (USA)",244,兔八哥 - 疯狂城堡,1,"[""Bugs Bunny Crazy Castle, The (USA)""]"
534,"Bugs Bunny Crazy Castle, The (USA)",1642,邦尼兔 - 趣味屋,1,"[""Bugs Bunny Fun House (USA) (Beta)""]"
554,Caltron - 6 in 1 (USA) (Unl),311,动作游戏六合一,1,"[""HES 6-Pak - Real Player's Pak (Australia) (Unl)""]"
554,Caltron - 6 in 1 (USA) (Unl),351,卡特隆合卡 - 6合1,1,"[""Caltron - 6 in 1 (USA) (Unl)""]"
559,Capcom's Gold Medal Challenge '92 (Europe),349,卡普空巴塞隆纳运动会 '92,1,"[""Capcom Barcelona '92 (Japan)""]"
559,Capcom's Gold Medal Challenge '92 (Europe),350,卡普空的金牌挑战 '92,2,"[""Capcom's Gold Medal Challenge '92 (Europe)"", ""Capcom's Gold Medal Challenge '92 (USA)""]"
563,Captain Planet and the Planeteers (Europe),897,星球拯救队,3,"[""Captain Planet and the Planeteers (Europe)"", ""Captain Planet and the Planeteers (USA)"", ""Captain Planet and the Planeteers (Asia) (En) (Pirate)""]"
563,Captain Planet and the Planeteers (Europe),1560,超级对战 - 超人,1,"[""Chaoren Duizhang (Super Man) (Asia) (En) (Pirate)""]"
571,Casino Kid (USA),1271,百万小子 - 幻之帝王篇,1,"[""100 Man Dollar Kid - Maboroshi no Teiou Hen (Japan)""]"
571,Casino Kid (USA),1531,赌城小子,1,"[""Casino Kid (USA)""]"
573,Castelian (Europe),473,城堡猪,2,"[""Castelian (Europe)"", ""Castelian (USA)""]"
573,Castelian (Europe),986,格斗高塔,1,"[""Kyoro-chan Land (Japan)""]"
598,Challenge of the Dragon (USA) (Color Dreams) (Unl),683,巨龙之挑战,1,"[""Challenge of the Dragon (USA) (Color Dreams) (Unl)""]"
598,Challenge of the Dragon (USA) (Color Dreams) (Unl),1864,黑龙,1,"[""Black Dragon (Korea) (Unl)""]"
606,Chaoji Da Fuweng (China) (Unl),1270,百万富翁,1,"[""Baiwan Fuweng (China) (Unl)""]"
606,Chaoji Da Fuweng (China) (Unl),1403,美国富豪,1,"[""Meiguo Fuhao (China) (Unl)""]"
606,Chaoji Da Fuweng (China) (Unl),1555,超级大富翁,1,"[""Chaoji Da Fuweng (China) (Unl)""]"
625,Chester Field - Ankoku Shin e no Chousen (Japan),289,切斯特大陆,1,"[""Chester Field (USA) (Proto)""]"
625,Chester Field - Ankoku Shin e no Chousen (Japan),290,切斯特大陆 - 暗黑之挑战,2,"[""Chester Field - Ankoku Shin e no Chousen (Japan)"", ""Chester Field - Ankoku Shin e no Chousen (Japan) (Beta)""]"
632,Chinese KungFu - Shaolin Warrior (Taiwan) (Unl),132,中国功夫 - 少林战士,1,"[""Chinese KungFu - Shaolin Warrior (Taiwan) (Unl)""]"
632,Chinese KungFu - Shaolin Warrior (Taiwan) (Unl),683,巨龙之挑战,1,"[""Challenge of the Dragon (Asia) (En) (Sachen) (Unl)""]"
640,Chongwu Da Jiazu - Buluo Fenzheng (Pet Family) (China) (Unl),602,宠物大家族 - 部落纷争,1,"[""Chongwu Da Jiazu - Buluo Fenzheng (Pet Family) (China) (Unl)""]"
640,Chongwu Da Jiazu - Buluo Fenzheng (Pet Family) (China) (Unl),605,宠物进化史,1,"[""Chongwu Jinhua Shi (Pet Evolve) (China) (Unl)""]"
655,Chubby Cherub (USA),42,Q太郎 - 汪汪恐慌,1,"[""Obake no Q Tarou - Wanwan Panic (Japan) (En)""]"
655,Chubby Cherub (USA),1427,胖天使,1,"[""Chubby Cherub (USA)""]"
662,Circus Caper (USA),1099,深山原始人,1,"[""Moeru! Oniisan (Japan)""]"
662,Circus Caper (USA),1765,马戏团大冒险,1,"[""Circus Caper (USA)""]"
684,Code Name - Viper (USA),159,人间兵器 - 死亡之狐,1,"[""Code Name - Viper (USA)""]"
684,Code Name - Viper (USA),1027,死狐狸,2,"[""Dead Fox (Japan)"", ""Dead Fox (Japan) (Sample)""]"
721,Corvette ZR-1 Challenge (Europe),1402,美国大赛车,1,"[""Corvette ZR-1 Challenge (Europe)""]"
721,Corvette ZR-1 Challenge (Europe),1411,美国赛车,1,"[""Alex DeMeo's Race America (USA)""]"
734,Crash 'n' the Boys - Street Challenge (USA),1163,热血新纪录,3,"[""Crash 'n' the Boys - Street Challenge (USA)"", ""Crash 'n' the Boys - Street Challenge (World) (Evercade)"", ""Crash 'n' the Boys - Street Challenge (World) (v1.1) (Evercade)""]"
734,Crash 'n' the Boys - Street Challenge (USA),1164,热血新记录,1,"[""Bikkuri Nekketsu Shin Kiroku! - Harukanaru Kin Medal (Japan)""]"
787,Daisenryaku (Japan),496,大战略,2,"[""Daisenryaku (Japan)"", ""Dazhanlue (China) (Pirate)""]"
787,Daisenryaku (Japan),1556,超级大战略,2,"[""Chaoji Dazhanlue (China) (0100703) (Pirate)"", ""Chaoji Dazhanlue (China) (970487) (Pirate)""]"
821,Defender II (USA),901,星际之门,1,"[""Star Gate (Japan)""]"
821,Defender II (USA),1028,毁灭入侵者 2,1,"[""Defender II (USA)""]"
824,Deja Vu (USA),215,似曾相似,6,"[""Deja Vu (USA)"", ""Deja Vu (Sweden)"", ""Deja Vu (USA) (Beta 1)"", ""Deja Vu (USA) (Beta 4)"", ""Deja Vu (USA) (Beta 3)"", ""Deja Vu (USA) (Beta 2)""]"
824,Deja Vu (USA),216,似曾相识 - 噩梦成真,1,"[""Deja Vu - A Nightmare Comes True!! (Japan)""]"
830,Demon Sword (USA),112,不动明王传,1,"[""Fudou Myouou Den (Japan)""]"
830,Demon Sword (USA),784,恶魔之剑,1,"[""Demon Sword (USA)""]"
843,Destiny of an Emperor (USA),97,三国志 - 英杰传,2,"[""Sanguozhi - Yingjie Zhuan (China) (Traditional) (Pirate)"", ""Sanguozhi - Yingjie Zhuan (China) (Simplified) (Pirate)""]"
843,Destiny of an Emperor (USA),407,吞食天地,3,"[""Destiny of an Emperor (USA)"", ""Tenchi o Kurau (Japan)"", ""Tenchi o Kurau (Japan) (Rev 1)""]"
882,Dong Dongnao II - Guozhong Yingwen (Yi) (Taiwan) (Unl),312,动动脑 - 国中英文,1,"[""Dong Dongnao II - Guozhong Yingwen (Yi) (Taiwan) (Unl)""]"
882,Dong Dongnao II - Guozhong Yingwen (Yi) (Taiwan) (Unl),1659,金字塔英语,1,"[""English, Pyramid (Korea) (Unl)""]"
904,Double Dragon II - The Revenge (Europe),369,双截龙 2,1,"[""Sou Setsu Ryuu II - The Revenge (Japan) (Beta)""]"
904,Double Dragon II - The Revenge (Europe),370,双截龙 2 - 复仇,7,"[""Double Dragon II - The Revenge (Europe)"", ""Double Dragon II - The Revenge (Japan)"", ""Double Dragon II - The Revenge (USA)"", ""Double Dragon II - The Revenge (USA) (Rev 1)"", ""Double Dragon II - The Revenge (Asia) (Ja) (Pirate)"", ""Double Dragon II - The Revenge (World) (Evercade)"", ""Double Dragon II - The Revenge (Asia) (Ja) (JMHWANG) (Pirate)""]"
909,Double Strike - Aerial Attack Force (USA) (v1.1) (Unl),373,双重打击,2,"[""Double Strike - Aerial Attack Force (USA) (v1.1) (Unl)"", ""Double Strike - Aerial Attack Force (USA) (Unl)""]"
909,Double Strike - Aerial Attack Force (USA) (v1.1) (Unl),374,双鹰,2,"[""Twin Eagle (Asia) (PAL) (Unl)"", ""Twin Eagle (Taiwan) (Unl)""]"
915,Dr. Mario (Europe),1266,病毒,3,"[""Virus (USA) (Proto 1)"", ""Virus (USA) (Proto 2)"", ""Virus (USA) (Proto 3) (PC10) [b]""]"
915,Dr. Mario (Europe),1769,马里奥医生,6,"[""Dr. Mario (Europe)"", ""Dr. Mario (Japan, USA) (En)"", ""Dr. Mario (Japan, USA) (En) (Rev 1)"", ""Dr. Mario (USA) (Beta 3)"", ""Dr. Mario (USA) (Beta 1)"", ""Dr. Mario (USA) (Beta 2)""]"
961,Druaga no Tou (Japan),738,德鲁亚加之塔,1,"[""Tower of Druaga, The (World) (Evercade)""]"
961,Druaga no Tou (Japan),1628,迷宫塔,2,"[""Druaga no Tou (Japan)"", ""Druaga no Tou (World) (Namcot Collection, Namco Museum Archives Vol 1)""]"
966,Duck Maze (Australia) (Unl),1838,鸭子,1,"[""Duck (Taiwan) (En) (Unl)""]"
966,Duck Maze (Australia) (Unl),1839,鸭子迷宫,1,"[""Duck Maze (Australia) (Unl)""]"
976,Dungeon Magic - Sword of the Elements (USA),457,地下城与魔法 - 元素之剑,1,"[""Dungeon & Magic - Swords of Element (Japan)""]"
976,Dungeon Magic - Sword of the Elements (USA),460,地城魔法 - 元素之剑,1,"[""Dungeon Magic - Sword of the Elements (USA)""]"
980,Dusty Diamond's All-Star Softball (USA),249,全明星垒球,1,"[""Dusty Diamond's All-Star Softball (USA)""]"
980,Dusty Diamond's All-Star Softball (USA),471,垒球天国,1,"[""Softball Tengoku (Japan)""]"
1069,Family BASIC v2.1 (Japan),161,任天堂Basic系统,1,"[""Family BASIC (Japan)""]"
1069,Family BASIC v2.1 (Japan),608,家庭 BASIC,2,"[""Playbox BASIC (Japan) (Sample)"", ""Playbox BASIC (Japan)""]"
1099,Faria - A World of Mystery & Danger! (USA),1061,法利亚 - 封印之剑,1,"[""Faria - Fuuin no Tsurugi (Japan)""]"
1099,Faria - A World of Mystery & Danger! (USA),1062,法利亚 - 神秘世界,1,"[""Faria - A World of Mystery & Danger! (USA)""]"
1113,Ferrari Grand Prix Challenge (Europe),1063,法拉利,1,"[""Ferrari (Japan) (En)""]"
1113,Ferrari Grand Prix Challenge (Europe),1064,法拉利挑战赛,3,"[""Ferrari Grand Prix Challenge (Europe)"", ""Ferrari Grand Prix Challenge (USA)"", ""Ferrari Grand Prix Challenge (USA) (Beta)""]"
1134,Fire Emblem - Ankoku Ryuu to Hikari no Tsurugi (Japan),449,圣火徽章 2,2,"[""Shenghuo Huizhang II (China) (Pirate)"", ""Shenghuo Huizhang II (China) (v1.1) (Pirate)""]"
1134,Fire Emblem - Ankoku Ryuu to Hikari no Tsurugi (Japan),1148,火焰之纹章 - 暗黑龙与光之剑,1,"[""Fire Emblem - Ankoku Ryuu to Hikari no Tsurugi (Japan)""]"
1135,Fire Emblem Gaiden (Japan),450,圣火徽章外传,1,"[""Shenghuo Huizhang Waizhuan (China) (Pirate)""]"
1135,Fire Emblem Gaiden (Japan),451,圣火降魔录外传,2,"[""Fire Emblem Gaiden (Japan)"", ""Fire Emblem Gaiden (Japan) (Virtual Console)""]"
1178,Four Players' Tennis (Europe),124,世界杯网球赛,2,"[""Four Players' Tennis (Europe)"", ""World Super Tennis (Japan)""]"
1178,Four Players' Tennis (Europe),1738,顶级网球,1,"[""Chris Evert & Ivan Lendl in Top Players' Tennis (USA)""]"
1209,Galactic Crusader (USA) (Unl),647,小女孩,1,"[""Papillon Gals (Japan) (En) (Unl)""]"
1209,Galactic Crusader (USA) (Unl),1492,蝶变,2,"[""Galactic Crusader (USA) (Unl)"", ""Galactic Crusader (Asia) (En) (Unl)""]"
1231,Gargoyle's Quest II (Europe),1293,石像鬼之谜 2,3,"[""Gargoyle's Quest II (Europe)"", ""Gargoyle's Quest II (USA)"", ""Gargoyle's Quest II (USA) (Beta)""]"
1231,Gargoyle's Quest II (Europe),1365,红魔鬼 2,1,"[""Red Arremer II (Japan)""]"
1251,Ghost Lion (USA),721,幽灵狮子,2,"[""Ghost Lion (USA)"", ""Ghost Lion (USA) (Beta)""]"
1251,Ghost Lion (USA),1269,白狮传说,1,"[""White Lion Densetsu - Pyramid no Kanata ni (Japan)""]"
1267,Go! Benny! (Taiwan) (En) (Unl),274,冲冲本尼,1,"[""Go! Benny! (Taiwan) (En) (Unl)""]"
1267,Go! Benny! (Taiwan) (En) (Unl),1315,科雷本尼,1,"[""Corre Benny (Spain) (En) (Unl)""]"
1270,Goal! (Europe),1183,燃烧职业足球,1,"[""Moero!! Pro Soccer (Japan)""]"
1270,Goal! (Europe),1602,足球得点王,2,"[""Goal! (Europe)"", ""Goal! (USA)""]"
1273,Godzilla - Monster of Monsters! (Europe),417,哥斯拉,1,"[""Gojira (Japan)""]"
1273,Godzilla - Monster of Monsters! (Europe),418,哥斯拉 - 怪兽之王,2,"[""Godzilla - Monster of Monsters! (Europe)"", ""Godzilla - Monster of Monsters! (USA)""]"
1289,Golgo 13 - Top Secret Episode (USA),416,哥尔戈 13 - 诸神之黄昏,1,"[""Golgo 13 - Top Secret Episode (USA)""]"
1289,Golgo 13 - Top Secret Episode (USA),1208,狙击 13 - 众神的黄昏,1,"[""Golgo 13 - Daiisshou - Kamigami no Tasogare (Japan)""]"
1294,"Goonies II, The (Europe)",77,七宝奇谋 2,3,"[""Goonies II, The (Europe)"", ""Goonies 2 - Fratelli Saigo no Chousen (Japan)"", ""Goonies II, The (USA)""]"
1294,"Goonies II, The (Europe)",78,七宝奇谋 II,1,"[""Goonies II, The - Fratelli Saigo no Chousen (Japan) (Sample)""]"
1309,Great Deal (Japan) (En),723,广场协议,1,"[""Square Deal (Japan) (En) (Sample)""]"
1309,Great Deal (Japan) (En),1533,赌城扑克,1,"[""Great Deal (Japan) (En)""]"
1349,Hanjuku Hero (Japan),342,半熟英雄,2,"[""Hanjuku Hero (Japan)"", ""Hanjuku Hero (Japan) (Virtual Console)""]"
1349,Hanjuku Hero (Japan),445,圣斗士,1,"[""Sheng Doushi (China) (Bensheng) (Pirate)""]"
1370,Heavy Barrel (USA),970,松鼠大作战 2,1,"[""Chip Dale 2 (Asia) (En) (Extract) (Pirate)""]"
1370,Heavy Barrel (USA),971,松鼠大作战 3,1,"[""Chip & Dale 3 (Asia) (En) (Pirate)""]"
1370,Heavy Barrel (USA),1651,重装机枪,3,"[""Heavy Barrel (USA)"", ""Heavy Barrel (Japan) (En)"", ""Heavy Barrel (Asia) (En) (Pirate)""]"
1428,Hot Slots (USA) (Unl),12,A.V.柏青哥,1,"[""AV Pachi-Slot (Taiwan) (Ja) (Idea-Tek) (Unl)""]"
1428,Hot Slots (USA) (Unl),1142,激斗水果盘,1,"[""Hot Slots (USA) (Unl)""]"
1519,Jackpot (Australia) (Unl),551,头奖,1,"[""Jackpot (Australia) (Unl)""]"
1519,Jackpot (Australia) (Unl),1041,水果机,2,"[""Shui Guo Li (Taiwan) (En) (Unl)"", ""Shui Guo Li (Asia) (En) (Pirate)""]"
1523,Jajamaru Ninpou Chou (Japan),476,塔罗的冒险,1,"[""Taro's Quest (USA) (Proto)""]"
1523,Jajamaru Ninpou Chou (Japan),1461,茶茶丸忍法帐,2,"[""Jajamaru Ninpou Chou (Japan)"", ""Jajamaru Ninpou Chou (Japan) (Beta)""]"
1523,Jajamaru Ninpou Chou (Japan),1462,茶茶丸忍法帳,1,"[""Ninja JaJaMaru - The Ninja Skill Book (USA, Europe) (Ninja JaJaMaru Retro Collection) (Switch)""]"
1554,Joe & Mac - Caveman Ninja (Europe),515,大金刚,1,"[""Donkey Kong (Asia) (En) (Pirate)""]"
1554,Joe & Mac - Caveman Ninja (Europe),801,战斗原始人,3,"[""Joe & Mac - Caveman Ninja (Europe)"", ""Joe & Mac (USA)"", ""Joe and Mac (Asia) (En) (J-C5) (Pirate)""]"
1561,Journey to Silius (Europe),907,星际旅程,3,"[""Journey to Silius (Europe)"", ""Journey to Silius (USA)"", ""Journey to Silius (World) (Evercade)""]"
1561,Journey to Silius (Europe),909,星际魂斗罗,1,"[""Rough World (Japan)""]"
1570,"Jungle Book, The (Europe)",1006,森林王子,4,"[""Jungle Book, The (Europe)"", ""Jungle Book, The (USA)"", ""Jungle Book, The (World) (Disney Classic Games)"", ""Jungle Book, The (Asia) (Ja) (Pirate)""]"
1570,"Jungle Book, The (Europe)",1211,狮子王,1,"[""Lion King, The (1995) (Asia) (En) (Pirate)""]"
1626,Kid Klown in Night Mayor World (USA),642,小丑王子大冒险,2,"[""Kid Klown in Night Mayor World (USA)"", ""Kid Klown in Night Mayor World (USA) (Beta)""]"
1626,Kid Klown in Night Mayor World (USA),1353,米老鼠 3,1,"[""Mickey Mouse III - Yume Fuusen (Japan)""]"
1626,Kid Klown in Night Mayor World (USA),1356,米老鼠梦气球,1,"[""Mickey Mouse - Dream Balloon (USA) (Proto)""]"
1627,Kid Kool and the Quest for the Seven Wonder Herbs (USA),305,加其夫的跳跃天国与速度地狱,1,"[""Kakefu-kun no Jump Tengoku - Speed Jigoku (Japan)""]"
1627,Kid Kool and the Quest for the Seven Wonder Herbs (USA),526,天国与地狱,1,"[""Kid Kool and the Quest for the Seven Wonder Herbs (USA)""]"
1628,Kid Niki - Radical Ninja (USA) (Rev 1),767,快杰洋枪,1,"[""Kaiketsu Yanchamaru (Japan)""]"
1628,Kid Niki - Radical Ninja (USA) (Rev 1),770,快杰洋枪丸,2,"[""Kid Niki - Radical Ninja (USA) (Rev 1)"", ""Kid Niki - Radical Ninja (USA)""]"
1658,Koko Adventure (Korea) (En) (Unl),694,巴治与沃尔多,2,"[""Buzz & Waldog (USA) (Proto 2) (Unl)"", ""Buzz & Waldog (USA) (Proto 1) (Unl)""]"
1658,Koko Adventure (Korea) (En) (Unl),1314,科科探险,1,"[""Koko Adventure (Korea) (En) (Unl)""]"
1680,"Krion Conquest, The (USA)",663,小魔女大冒险,1,"[""Krion Conquest, The (USA)""]"
1680,"Krion Conquest, The (USA)",664,小魔女皮皮,2,"[""Magical Kid's Doropie (Japan) (Beta)"", ""Magical Kid's Doropie (Japan)""]"
1700,Kyuukyoku Harikiri Stadium - '88 Senshu Shin Data Version (Japan),1321,究极棒球,2,"[""Kyuukyoku Harikiri Stadium (Japan)"", ""Kyuukyoku Harikiri Stadium (Japan) (Beta)""]"
1700,Kyuukyoku Harikiri Stadium - '88 Senshu Shin Data Version (Japan),1322,究极棒球 '88,1,"[""Kyuukyoku Harikiri Stadium - '88 Senshu Shin Data Version (Japan)""]"
1725,Legacy of the Wizard (USA),675,屠龙剑 4,2,"[""Legacy of the Wizard (USA)"", ""Legacy of the Wizard (USA, Europe) (Namco Museum Archives Vol 2)""]"
1725,Legacy of the Wizard (USA),676,屠龙勇者 4 - 德拉斯莱家族,1,"[""Dragon Slayer IV - Drasle Family (Japan)""]"
1731,"Legend of Zelda, The (Europe) (Rev 1)",127,东方不败,1,"[""Dongfang Bubai - The Hyrule Fantasy (China) (Pirate)""]"
1731,"Legend of Zelda, The (Europe) (Rev 1)",128,东方的传说,1,"[""Dongfang de Chuanshuo - The Hyrule Fantasy (China) (Pirate)""]"
1731,"Legend of Zelda, The (Europe) (Rev 1)",478,塞尔达传说,9,"[""Legend of Zelda, The (Europe) (Rev 1)"", ""Legend of Zelda, The (Europe)"", ""Legend of Zelda, The (USA)"", ""Legend of Zelda, The (USA) (Rev 1)"", ""Legend of Zelda, The (USA) (Rev 1) (Animal Crossing)"", ""Legend of Zelda, The (USA) (Zelda Collection)"", ""Legend of Zelda, The (Europe) (Rev 1) (Virtual Console)"", ""Legend of Zelda, The (USA) (Rev 1) (Virtual Console)"", ""Legend of Zelda, The (USA) (Beta) (1987-02-23)""]"
1731,"Legend of Zelda, The (Europe) (Rev 1)",479,塞尔达传说 - 幻想大陆海拉鲁,1,"[""Zelda no Densetsu 1 - The Hyrule Fantasy (Japan)""]"
1752,Linzexu Jinyan (China) (Unl),973,林则徐禁烟,1,"[""Linzexu Jinyan (China) (Unl)""]"
1752,Linzexu Jinyan (China) (Unl),1477,虎门禁烟,1,"[""Humen Jinyan (China) (Pirate)""]"
1752,Linzexu Jinyan (China) (Unl),1478,虎门销烟,1,"[""Humen Xiaoyan (China) (Unl)""]"
1753,"Lion King 5, The - Timon & Pumbaa (China) (En) (Pirate)",1213,狮子王 5 - 丁满和彭彭,1,"[""Lion King 5, The - Timon & Pumbaa (China) (En) (Pirate)""]"
1753,"Lion King 5, The - Timon & Pumbaa (China) (En) (Pirate)",1214,狮子王 6 - 丁满和彭彭,1,"[""Lion King 6, The - Timon & Pumbaa (Asia) (En) (Pirate)""]"
1800,"Mafat Conspiracy, The (USA)",206,伊卡路斯之谜,1,"[""Mafat Conspiracy, The (USA)""]"
1800,"Mafat Conspiracy, The (USA)",1207,狙击 13 - 伊卡洛斯之谜,1,"[""Golgo 13 - Dainishou - Icarus no Nazo (Japan)""]"
1803,Magic Block (Taiwan) (En) (Unl),1814,魔法封锁,1,"[""Bloque Magico, El (Spain) (En) (Unl)""]"
1803,Magic Block (Taiwan) (En) (Unl),1817,魔法方块,1,"[""Magic Block (Taiwan) (En) (Unl)""]"
1805,Magic Carpet 1001 (USA) (Unl),1705,阿拉丁 3,2,"[""Aladdin III (Asia) (En) (Extract) (Pirate)"", ""Aladdin III (Asia) (En) (Pirate)""]"
1805,Magic Carpet 1001 (USA) (Unl),1809,魔毯 1001,2,"[""Magic Carpet 1001 (USA) (Unl)"", ""Magic Carpet 1001 (Taiwan) (En) (Unl)""]"
1805,Magic Carpet 1001 (USA) (Unl),1812,魔法地毯,1,"[""Alfombra Magica, La (Spain) (En) (Unl)""]"
1816,"Magic of Scheherazade, The (USA)",529,天方夜谭之魔法世界,1,"[""Magic of Scheherazade, The (USA)""]"
1816,"Magic of Scheherazade, The (USA)",1707,阿拉伯之梦,1,"[""Arabian Dream Scheherazade (Japan)""]"
1831,Mahjong Block (Taiwan) (Super Mega) (Unl),19,AV龙麻将,1,"[""Kazama Jun to Asama Yuuko no AV Dragon Mahjong (Japan) (Unl)""]"
1831,Mahjong Block (Taiwan) (Super Mega) (Unl),819,扑克方块,1,"[""Poke Block (USA) (Proto) (Unl)""]"
1831,Mahjong Block (Taiwan) (Super Mega) (Unl),1849,麻将方块,2,"[""Mahjong Block (Taiwan) (Super Mega) (Unl)"", ""Mahjong Block (Taiwan) (TXC) (Unl)""]"
1834,Mahjong Samit - Kabukicho Hen (Japan) (Unl),1853,麻雀世界,2,"[""Mahjong World, The (Taiwan) (72 pin cart) (Unl)"", ""Mahjong World, The (Taiwan) (60 pin cart) (Unl)""]"
1834,Mahjong Samit - Kabukicho Hen (Japan) (Unl),1854,麻雀世界 歌舞伎町篇,1,"[""Mahjong Samit - Kabukicho Hen (Japan) (Unl)""]"
1859,Mario & Yoshi (Europe),1420,耀西的蛋,2,"[""Yoshi (USA)"", ""Yoshi no Tamago (Japan) (En)""]"
1859,Mario & Yoshi (Europe),1767,马里奥与耀西,1,"[""Mario & Yoshi (Europe)""]"
1865,Mashin Eiyuuden Wataru Gaiden (Japan),296,创世纪英雄,1,"[""Chuangshiji Yingxiong (China) (Pirate)""]"
1865,Mashin Eiyuuden Wataru Gaiden (Japan),1827,魔神英雄伝外传,1,"[""Mashin Eiyuuden Wataru Gaiden (Japan)""]"
1867,Master Chu and the Drunkard Hu (USA) (Unl),494,大师和醉鬼,2,"[""Master Chu and the Drunkard Hu (USA) (Unl)"", ""Master Chu and the Drunkard Hu (Asia) (En) (72 pin cart) (Unl)""]"
1867,Master Chu and the Drunkard Hu (USA) (Unl),1281,盗帅楚留香,1,"[""Dao Shuai - Master Chu (Taiwan) (En) (Unl)""]"
1906,Menghuan Zhi Xing IV (China) (Zh-Hans) (Unl),484,外星战士,3,"[""Waixing Zhanshi (China) (Unl)"", ""Xinghe Zhanshi (China) (Unl)"", ""Xingji Zhengba (China) (Unl)""]"
1906,Menghuan Zhi Xing IV (China) (Zh-Hans) (Unl),895,星战情缘,1,"[""Xing Zhan Qingyuan (China) (Unl)""]"
1908,Mermaids of Atlantis - The Riddle of the Magic Bubble (USA) (Unl),155,亚特兰提斯之美人鱼,1,"[""Mermaids of Atlantis - The Riddle of the Magic Bubble (USA) (Unl)""]"
1908,Mermaids of Atlantis - The Riddle of the Magic Bubble (USA) (Unl),1415,美女气泡方块,3,"[""Bubble Bath Babes (USA) (Unl)"", ""Soap Panic (Japan) (Unl)"", ""Soap Panic (Japan) (v1.1) (Unl)""]"
1908,Mermaids of Atlantis - The Riddle of the Magic Bubble (USA) (Unl),1818,魔法气泡,1,"[""Magic Bubble (Taiwan) (Ja) (Unl)""]"
1914,Metal Fighter (USA) (Unl),398,合金战士,2,"[""Metal Fighter Mu (Japan) (En) (Unl)"", ""Metal Fighter Mu (Asia) (En) (Sachen) (72 pin cart) (Unl)""]"
1914,Metal Fighter (USA) (Unl),938,未来小子,2,"[""Metal Fighter (USA) (Unl)"", ""Weilai Xiaozi - Joy Van Kid (Taiwan) (En) (Unl)""]"
1921,MetalMech - Man & Machine (USA),1661,金属机甲 - 人与机器,2,"[""MetalMech - Man & Machine (USA)"", ""MetalMech - Man & Machine (World) (Evercade)""]"
1921,MetalMech - Man & Machine (USA),1662,金属装甲,1,"[""Metal Flame - Psy Buster (Japan)""]"
1930,Michael Andretti's World GP (USA),139,中岛悟 - F1英雄,1,"[""Nakajima Satoru - F-1 Hero (Japan)""]"
1930,Michael Andretti's World GP (USA),1842,麦可安德瑞提之世界格兰披治大赛车,1,"[""Michael Andretti's World GP (USA)""]"
1933,Mickey Mousecapade (USA),1351,米老鼠,1,"[""Mickey Mousecapade (USA)""]"
1933,Mickey Mousecapade (USA),1352,米老鼠 - 不可思议之国的大冒险,2,"[""Mickey Mouse - Fushigi no Kuni no Daibouken (Japan) (En)"", ""Mickey Mouse - Fushigi no Kuni no Daibouken (Asia) (En) (Pirate)""]"
1952,Millipede (USA),340,千足虫 - 昆虫的逆袭,1,"[""Millipede - Kyodai Konchuu no Gyakushuu (Japan)""]"
1952,Millipede (USA),962,杀虫大战,1,"[""Millipede (USA)""]"
1955,Milon's Secret Castle (USA),1630,迷宫组曲,2,"[""Milon's Secret Castle (USA)"", ""Milon's Secret Castle (USA) (Virtual Console)""]"
1955,Milon's Secret Castle (USA),1631,迷宫组曲 - 米隆的城堡冒险,3,"[""Meikyuu Kumikyoku - Milon no Daibouken (Japan)"", ""Meikyuu Kumikyoku - Milon no Daibouken (Japan) (Sample)"", ""Meikyuu Kumikyoku - Milon no Daibouken (Japan) (Virtual Console)""]"
1976,Mission Cobra (USA) (Unl),414,响尾蛇直升机,2,"[""Sidewinder (Australia) (Unl)"", ""Sidewinder (Taiwan) (En) (Unl)""]"
1976,Mission Cobra (USA) (Unl),1289,眼镜蛇任务,1,"[""Mission Cobra (USA) (Unl)""]"
2108,"NewZealand Story, The (Europe)",872,新西兰故事,1,"[""NewZealand Story, The (Europe)""]"
2108,"NewZealand Story, The (Europe)",1369,纽西兰故事,2,"[""Kiwi Kraze - A Bird-Brained Adventure! (USA)"", ""Kiwi Kraze - A Bird-Brained Adventure! (USA) (Beta)""]"
2116,"Nigel Mansell's World Championship (Europe) (En,Fr,De,Es,It)",560,奈杰尔·曼塞尔世界锦标赛,2,"[""Nigel Mansell's World Championship (Europe) (En,Fr,De,Es,It)"", ""Nigel Mansell's World Championship (Europe) (En,Fr,De,Es,It) (Beta) (1992-09-29)""]"
2116,"Nigel Mansell's World Championship (Europe) (En,Fr,De,Es,It)",672,尼基·曼赛尔之世界锦标赛,2,"[""Nigel Mansell's World Championship Racing (USA)"", ""Nigel Mansell's World Championship Racing (USA) (Beta)""]"
2133,Ninja Kid (USA),749,忍者小子,1,"[""Ninja Kid (USA)""]"
2133,Ninja Kid (USA),1793,鬼太郎 - 妖怪大魔境,2,"[""Gegege no Kitarou - Youkai Daimakyou (Japan)"", ""Gegege no Kitarou - Youkai Daimakyou (Japan) (Beta)""]"
2151,Nintendo World Cup (Europe) (Rev 2),1171,热血足球联盟,5,"[""Nintendo World Cup (Europe) (Rev 2)"", ""Nintendo World Cup (Europe)"", ""Nintendo World Cup (USA)"", ""Nintendo World Cup (Europe) (Rev 1)"", ""Nintendo World Cup (USA) (Rev 1)""]"
2151,Nintendo World Cup (Europe) (Rev 2),1175,热血高校躲避球部 - 足球篇,2,"[""Nekketsu Koukou Dodgeball-bu - Soccer Hen (Japan)"", ""Nekketsu Koukou Dodgeball-bu - Soccer Hen (Japan) (Virtual Console)""]"
2248,Parasol Stars - Rainbow Islands II (Europe),1067,泡泡龙 3,1,"[""Parasol Stars - The Story of Bubble Bobble III (Europe) (Beta)""]"
2248,Parasol Stars - Rainbow Islands II (Europe),1641,遮阳伞之星 - 彩虹岛 2,1,"[""Parasol Stars - Rainbow Islands II (Europe)""]"
2256,Peek-A-Boo Poker (USA) (Unl),15,AV美女扑克牌,2,"[""AV Poker (Japan) (Rev 1) (Unl)"", ""AV Poker (Japan) (Unl)""]"
2256,Peek-A-Boo Poker (USA) (Unl),1414,美女扑克,1,"[""Peek-A-Boo Poker (USA) (Unl)""]"
2267,Perfect Bowling (Japan),226,保龄球,1,"[""Bowling (USA) (Proto)""]"
2267,Perfect Bowling (Japan),599,完美保龄球,1,"[""Perfect Bowling (Japan)""]"
2345,Power Punch II (USA),575,威力拳击 2,2,"[""Power Punch II (USA)"", ""Power Punch II (USA) (Beta)""]"
2345,Power Punch II (USA),1841,麦克泰森拳击,1,"[""Mike Tyson's Intergalactic Power Punch (USA) (Proto)""]"
2357,Pro Wrestling (Europe),116,专业摔跤,2,"[""Pro Wres (Japan) (FamicomBox)"", ""Pro Wres (Asia) (En) (Whirlwind Manu) (Pirate)""]"
2357,Pro Wrestling (Europe),1409,美国职业摔角,3,"[""Pro Wrestling (Europe)"", ""Pro Wrestling (USA)"", ""Pro Wrestling (USA) (Rev 1)""]"
2361,Probotector (Europe),1796,魂斗罗,9,"[""Contra (USA)"", ""Contra (Japan)"", ""Contra (Japan) (Sample)"", ""Contra (World) (Konami Collector's Series)"", ""Contra (World) (Ja) (Contra Anniversary Collection)"", ""Contra (World) (Contra Anniversary Collection)"", ""Contra (Russia) (Pirate)"", ""Contra (Asia) (En) (Pirate)"", ""Contra (Asia) (Ja) (Pirate)""]"
2361,Probotector (Europe),1799,魂斗罗 机器人版,1,"[""Probotector (Europe)""]"
2362,Probotector II - Return of the Evil Forces (Europe),1586,超级魂斗罗,5,"[""Super C (USA)"", ""Super C (World) (Konami Collector's Series)"", ""Super C (World) (Contra Anniversary Collection)"", ""Super Contra (Japan)"", ""Super Contra (Asia) (En) (Pirate)""]"
2362,Probotector II - Return of the Evil Forces (Europe),1798,魂斗罗 2 机器人版,2,"[""Probotector II - Return of the Evil Forces (Europe)"", ""Probotector II - Return of the Evil Forces (World) (Contra Anniversary Collection)""]"
2377,Punch-Out!! (Europe),831,拳无虚发,6,"[""Punch-Out!! (Europe)"", ""Punch-Out!! (Japan) (En) (Shouhin Golf Tournament US Course)"", ""Punch-Out!! (USA)"", ""Punch-Out!! (Europe) (Virtual Console)"", ""Punch-Out!! (Japan, USA) (En) (Virtual Console)"", ""Punch-Out!! (Japan) (En) (FamicomBox)""]"
2377,Punch-Out!! (Europe),1618,迈克·泰森的拳无虚发,5,"[""Mike Tyson's Punch-Out!! (Europe)"", ""Mike Tyson's Punch-Out!! (Europe) (Rev 1)"", ""Mike Tyson's Punch-Out!! (Japan, USA) (En)"", ""Mike Tyson's Punch-Out!! (Japan, USA) (En) (Rev 1)"", ""Mike Tyson's Punch-Out!! (Asia) (En) (Pirate)""]"
2390,Pyramid (USA) (NINA-06) (Unl),1656,金字塔 - 埃及艳后,1,"[""Pyramid - Cleopatra Kikiippatsu (Japan) (Unl)""]"
2390,Pyramid (USA) (NINA-06) (Unl),1657,金字塔方块,2,"[""Pyramid (USA) (NINA-06) (Unl)"", ""Pyramid (USA) (NINA-03) (Unl)""]"
2395,Qi Wang - Chinese Chess (Taiwan) (Unl),135,中国象棋,3,"[""Zhongguo Xiangqi - Chinese Chese (Asia) (TXC) (Extract) (Unl)"", ""Zhongguo Xiangqi - Chinese Chese (Asia) (Extract) (Unl)"", ""Zhongguo Xiangqi - Chinese Chese (China) (Unl)""]"
2395,Qi Wang - Chinese Chess (Taiwan) (Unl),1524,象棋王,2,"[""Qi Wang - Chinese Chess (Taiwan) (Unl)"", ""Qi Wang - Chinese Chess (Asia) (Pirate)""]"
2404,Quattro Adventure (USA) (Unl),265,冒险游戏 4合1,1,"[""Quattro Adventure (USA) (Unl)""]"
2404,Quattro Adventure (USA) (Unl),1551,超级冒险任务,1,"[""Super Adventure Quests (Europe) (Unl)""]"
2408,R.B.I. Baseball (USA),46,RBI棒球,2,"[""R.B.I. Baseball (USA)"", ""R.B.I. Baseball (USA) (Unl)""]"
2408,R.B.I. Baseball (USA),833,拿姆科职业棒球,1,"[""Pro Yakyuu - Family Stadium (Japan)""]"
2430,Rainbow Islands (USA),730,彩虹岛,1,"[""Rainbow Islands (USA)""]"
2430,Rainbow Islands (USA),731,彩虹岛 - 泡泡龙 2,2,"[""Rainbow Islands - The Story of Bubble Bobble 2 (Japan)"", ""Rainbow Islands - The Story of Bubble Bobble 2 (Japan) (Sample)""]"
2478,Robo Warrior (Europe),948,机器人战士之王,2,"[""Robo Warrior (Europe)"", ""Robo Warrior (USA)""]"
2478,Robo Warrior (Europe),1159,炸弹之王,1,"[""Bomber King (Japan) (En)""]"
2488,Rock 'n' Ball (USA),611,家庭弹珠台,2,"[""Family Pinball (Japan)"", ""Family Pinball (Japan) (Namcot Collection)""]"
2488,Rock 'n' Ball (USA),851,摇滚弹珠台,1,"[""Rock 'n' Ball (USA)""]"
2503,Rodland (Europe),572,妖精物语,3,"[""Rodland (Europe)"", ""Rodland (Europe) (Beta)"", ""Yousei Monogatari - Rod Land (Japan)""]"
2503,Rodland (Europe),1393,罗德大陆,2,"[""Rod Land (World) (Retro-Bit) (512KiB)"", ""Rod Land (World) (Retro-Bit) (256KiB)""]"
2541,Sangokushi - Chuugen no Hasha (Japan),95,三国志 - 中原的霸者,1,"[""Sangokushi - Chuugen no Hasha (Japan)""]"
2541,Sangokushi - Chuugen no Hasha (Japan),103,三国志 3,1,"[""Sangoku III (Asia) (Ja) (BJ-56) (Pirate)""]"
2542,Sangokushi II - Haou no Tairiku (Japan),101,三国志 2 - 霸王的大陆,3,"[""Sangokushi II - Haou no Tairiku (Japan)"", ""Sangokushi II - Haou no Tairiku (China) (Ja) (Subor) (Pirate)"", ""Sangokushi II - Haou no Tairiku (China) (Ja) (Waixing) (Pirate)""]"
2542,Sangokushi II - Haou no Tairiku (Japan),102,三国志 2 中文加强版,1,"[""Sanguozhi 2 - Zhongwen Jiaqiang Ban (China) (Pirate)""]"
2542,Sangokushi II - Haou no Tairiku (Japan),104,三国志 3 - 霸王的大陆,1,"[""Sangokushi III - Haou no Tairiku (Asia) (Ja) (Pirate)""]"
2542,Sangokushi II - Haou no Tairiku (Japan),1726,霸王的大陆 中文加强版,1,"[""Bawang de Dalu - Zhongwen Jiaqiang Ban (China) (Pirate)""]"
2543,Sanguo Chunqiu - Sichuan Sheng (Asia) (Pirate),107,三国春秋四川省,1,"[""Sanguo Chunqiu - Sichuan Sheng (Asia) (Pirate)""]"
2543,Sanguo Chunqiu - Sichuan Sheng (Asia) (Pirate),428,四川麻将 2,1,"[""Shisen Mahjong 2 (Taiwan) (Unl)""]"
2559,Sanshiliu Ji - The Thirty-Six Tricks (China) (970158) (Unl),92,三十六计,2,"[""Sanshiliu Ji - The Thirty-Six Tricks (China) (970158) (Unl)"", ""Sanshiliu Ji - The Thirty-Six Tricks (China) (Unl)""]"
2559,Sanshiliu Ji - The Thirty-Six Tricks (China) (970158) (Unl),1528,财神到,1,"[""Caishen Dao (China) (Pirate)""]"
2582,SD Gundam - Gachapon Senshi 3 - Eiyuu Senki (Japan),60,SD高达 3 - 英雄战记,1,"[""SD Gundam - Gachapon Senshi 3 - Eiyuu Senki (Japan)""]"
2582,SD Gundam - Gachapon Senshi 3 - Eiyuu Senki (Japan),953,机器战士高达,1,"[""Jiqi Zhanshi Gaoda (China) (Pirate)""]"
2582,SD Gundam - Gachapon Senshi 3 - Eiyuu Senki (Japan),1382,绝代英雄,2,"[""Juedai Yingxiong (China) (0100705) (Pirate)"", ""Juedai Yingxiong (China) (970489) (Pirate)""]"
2583,SD Gundam - Gachapon Senshi 4 - NewType Story (Japan),61,SD高达 4 - 新机种传说,1,"[""SD Gundam - Gachapon Senshi 4 - NewType Story (Japan)""]"
2583,SD Gundam - Gachapon Senshi 4 - NewType Story (Japan),1342,第四次机器人大战,1,"[""Dai-4-ji Jiqiren Daizhan - Robot War IV (China) (Pirate)""]"
2670,Shuihu Zhuan (China) (Pirate),1042,水浒传,1,"[""Shuihu Zhuan (China) (Pirate)""]"
2670,Shuihu Zhuan (China) (Pirate),1044,水浒新传,1,"[""Shuihu Xin Zhuan (China) (Unl)""]"
2730,Snoopy's Silly Sports Spectacular! (USA),392,史努比的趣味运动会,1,"[""Snoopy's Silly Sports Spectacular! (USA)""]"
2730,Snoopy's Silly Sports Spectacular! (USA),422,唐老鸭运动会,1,"[""Donald Duck (Japan)""]"
2735,Snowboard Challenge (Europe),1126,滑雪板邀请赛,1,"[""Snowboard Challenge (Europe)""]"
2735,Snowboard Challenge (Europe),1652,重装雪板,2,"[""Heavy Shreddin' (USA)"", ""Heavy Shreddin' (USA) (Beta)""]"
2746,Solstice - The Quest for the Staff of Demnos (Europe),1316,秘境魔宝,3,"[""Solstice - The Quest for the Staff of Demnos (Europe)"", ""Solstice - The Quest for the Staff of Demnos (USA)"", ""Solstice - The Quest for the Staff of Demnos (USA) (Beta)""]"
2746,Solstice - The Quest for the Staff of Demnos (Europe),1802,魔城奇兵 - 三次元迷宫的狂兽,1,"[""Solstice - Sanjigen Meikyuu no Kyoujuu (Japan)""]"
2804,Stadium Events (Europe),189,任天堂跳跳板 - 田径运动会,3,"[""Family Trainer 2 - Running Stadium (Japan)"", ""World Class Track Meet (USA)"", ""World Class Track Meet (USA) (Rev 1)""]"
2804,Stadium Events (Europe),1336,竞技运动场,2,"[""Stadium Events (Europe)"", ""Stadium Events (USA)""]"
2825,Starship Hector (USA),385,古文明之战,1,"[""Starship Hector (USA)""]"
2825,Starship Hector (USA),1184,爆击战士 87,1,"[""Hector '87 (Japan) (En)""]"
2833,Stinger (USA),257,兵蜂 2 - 拯救西那蒙博士,3,"[""Moero TwinBee - Cinnamon Hakase o Sukue! (Japan)"", ""Moero TwinBee - Cinnamon Hakase o Sukue! (Japan) (Virtual Console)"", ""Moero TwinBee - Cinnamon Hakase o Sukue! (Asia) (Ja) (Pirate)""]"
2833,Stinger (USA),258,兵蜂 2 - 解救肉桂博士,2,"[""Stinger (USA)"", ""Stinger (USA) (Virtual Console)""]"
2865,Sunman (Europe) (Proto),549,太阳超人,1,"[""Sunman (Europe) (Proto)""]"
2865,Sunman (Europe) (Proto),1539,超人,1,"[""Superman (USA) (Proto) (Sunsoft)""]"
2900,Super Arabian (Japan) (En),1576,超级阿拉伯世界,1,"[""Super Arabian (Japan) (En)""]"
2900,Super Arabian (Japan) (En),1612,辛巴达,1,"[""Arabian (World) (Evercade)""]"
2920,Super Dodge Ball (USA),1173,热血高校躲避球,3,"[""Super Dodge Ball (USA)"", ""Super Dodge Ball (USA) (Virtual Console)"", ""Super Dodge Ball (World) (Evercade)""]"
2920,Super Dodge Ball (USA),1174,热血高校躲避球部,2,"[""Nekketsu Koukou Dodgeball-bu (Japan)"", ""Nekketsu Koukou Dodgeball-bu (Japan) (Virtual Console)""]"
2969,Super Mario Bros. (Europe),1578,超级马里奥兄弟,4,"[""Super Mario Bros. (Europe)"", ""Super Mario (Korea) (Pirate)"", ""Super Mario Bros. (World)"", ""Super Mario Bros. (Asia) (En) (Pirate)""]"
2969,Super Mario Bros. (Europe),1582,超级马里奥兄弟 - 25周年,2,"[""Super Mario Bros. - 25th Anniversary (Japan) (En) (Virtual Console)"", ""Super Mario Bros. - 25th Anniversary (Australia) (Virtual Console)""]"
2975,Super Mario Bros. 3 (Europe),1583,超级马里奥兄弟 1988,1,"[""S. M. Bros. 1988 (USA) (Pirate)""]"
2975,Super Mario Bros. 3 (Europe),1585,超级马里奥兄弟 3,11,"[""Super Mario Bros. 3 (Europe)"", ""Super Mario Bros. 3 (Japan) (Rev 1)"", ""Super Mario Bros. 3 (USA)"", ""Super Mario Bros. 3 (USA) (Rev 1)"", ""Super Mario Bros. 3 (Japan)"", ""Super Mario Bros. 3 (Europe) (Virtual Console)"", ""Super Mario Bros. 3 (USA) (Rev 1) (Virtual Console)"", ""Super Mario Bros. 3 (Japan) (Rev 1) (Virtual Console)"", ""Super Mario Bros. 3 (Asia) (En) (Unknown) (047) (Pirate)"", ""Super Mario Bros. 3 (Asia) (En) (Kaiser) (Pirate)"", ""Super Mario Bros. 3 (Korea) (En) (NCN-21) (Pirate)""]"
3000,Super Spy Hunter (Europe),804,战斗方程式赛车,1,"[""Battle Formula (Japan) (En)""]"
3000,Super Spy Hunter (Europe),1575,超级间谍猎人,2,"[""Super Spy Hunter (Europe)"", ""Super Spy Hunter (USA)""]"
3025,Tag Team Wrestling (USA),366,双人组职业摔角,4,"[""Tag Team Wrestling (USA)"", ""Tag Team Pro-Wrestling (Japan)"", ""Tag Team Pro-Wrestling (Brazil) (En) (Unl)"", ""Tag Team Pro-Wrestling (Taiwan) (En) (Pirate)""]"
3025,Tag Team Wrestling (USA),1370,组合摔跤,1,"[""Tag Team Pro-Wrestling Special (Japan) (Not for Resale)""]"
3060,Tecmo Cup - Football Game (Europe),72,Tecmo足球,4,"[""Tecmo Cup - Football Game (Europe)"", ""Tecmo Cup - Football Game (Spain)"", ""Tecmo Cup - Soccer Game (USA)"", ""Tecmo Cup - Soccer Game (USA) (Beta)""]"
3060,Tecmo Cup - Football Game (Europe),523,天使之翼,1,"[""Captain Tsubasa (Japan)""]"
3067,Teenage Mutant Hero Turtles II - The Arcade Game (Europe),751,忍者神龟 - 激龟忍者传,2,"[""Teenage Mutant Ninja Turtles (Japan)"", ""Teenage Mutant Ninja Turtles (Japan) (En) (The Cowabunga Collection)""]"
3067,Teenage Mutant Hero Turtles II - The Arcade Game (Europe),752,忍者神龟 2 街机移植版,7,"[""Teenage Mutant Hero Turtles II - The Arcade Game (Europe)"", ""Teenage Mutant Ninja Turtles II - The Arcade Game (USA)"", ""Teenage Mutant Ninja Turtles II - The Arcade Game (Australia)"", ""Teenage Mutant Ninja Turtles II - The Arcade Game (USA) (Sample) (1990-08-02)"", ""Teenage Mutant Ninja Turtles II - The Arcade Game (USA) (The Cowabunga Collection)"", ""Teenage Mutant Ninja Turtles II - The Arcade Game (USA) (Sample) (1990-08-20)"", ""Teenage Mutant Ninja Turtles II - The Arcade Game (Asia) (En) (Pirate)""]"
3082,Terminator 2 - Judgment Day (Europe),1378,终结者 2,1,"[""Terminator 2 (Japan)""]"
3082,Terminator 2 - Judgment Day (Europe),1379,终结者 2 - 审判日,3,"[""Terminator 2 - Judgment Day (Europe)"", ""Terminator 2 - Judgment Day (USA)"", ""Terminator 2 - Judgment Day (USA) (Beta)""]"
3106,Thunder & Lightning (USA),612,家庭打砖块,1,"[""Family Block (Japan) (En)""]"
3106,Thunder & Lightning (USA),1721,雷电,1,"[""Thunder & Lightning (USA)""]"
3109,Thunderbolt Fighting Plane (World) (QUByte Classics),1501,裂变 2,1,"[""Lei Dian II - Thunderbolt Fighting Plane (Taiwan) (En) (Unl)""]"
3109,Thunderbolt Fighting Plane (World) (QUByte Classics),1722,雷电 2,1,"[""Thunderbolt Fighting Plane (World) (QUByte Classics)""]"
3120,Tiles of Fate (USA) (Unl),235,偶像四川麻雀,1,"[""Idol Shisen Mahjong (Japan) (Unl)""]"
3120,Tiles of Fate (USA) (Unl),525,天命麻将,1,"[""Tiles of Fate (USA) (Unl)""]"
3120,Tiles of Fate (USA) (Unl),797,战国四川省,2,"[""Zhanguo Sichuan Sheng (Taiwan) (En) (Idea-Tek) (Unl)"", ""Zhanguo Sichuan Sheng (Taiwan) (En) (C&E) (Unl)""]"
3122,Time Diver - Eon Man (USA) (Proto),886,时间旅行者 - 伊恩曼,2,"[""Time Diver - Eon Man (USA) (Proto)"", ""Time Diver - Eon Man (Japan) (En) (Proto)""]"
3122,Time Diver - Eon Man (USA) (Proto),887,时间旅行者 - 复仇者,1,"[""Time Diver - Avenger (Asia) (En) (T-A1) (Pirate)""]"
3152,Tombs & Treasure (USA),468,坟墓和宝藏,1,"[""Tombs & Treasure (USA)""]"
3152,Tombs & Treasure (USA),547,太阳神殿,1,"[""Taiyou no Shinden (Japan)""]"
3178,Track & Field II (Europe),1243,田径 2,3,"[""Track & Field II (Europe)"", ""Track & Field II (USA)"", ""Track & Field II (USA) (Rev 1)""]"
3178,Track & Field II (Europe),1558,超级奥林匹克运动会 2,1,"[""Konamic Sports in Seoul (Japan)""]"
3179,Track & Field in Barcelona (Europe),692,巴塞罗那田径,1,"[""Track & Field in Barcelona (Europe)""]"
3179,Track & Field in Barcelona (Europe),1242,田径,1,"[""Track & Field (USA)""]"
3179,Track & Field in Barcelona (Europe),1557,超级奥林匹克运动会,2,"[""Hyper Olympic (Japan) (En) (Genteiban!)"", ""Hyper Olympic (Japan) (En)""]"
3194,"Trolls in Crazyland, The (Europe)",1100,游园地,2,"[""Doki! Doki! Yuuenchi - Crazy Land Daisakusen (Japan) (En)"", ""Doki! Doki! Yuuenchi - Crazy Land Daisakusen (Asia) (En) (Pirate)""]"
3194,"Trolls in Crazyland, The (Europe)",1756,食人妖之疯狂岛大冒险,2,"[""Trolls in Crazyland, The (Europe)"", ""Trolls in Crazyland, The (USA) (Proto)""]"
3204,Turbo Racing (Europe),123,世界方程式大赛车,1,"[""World Grand-Prix - Pole to Finish (Japan)""]"
3204,Turbo Racing (Europe),1096,涡轮大赛车,2,"[""Turbo Racing (Europe)"", ""Al Unser Jr. Turbo Racing (USA)""]"
3230,"Ultimate Air Combat (Europe) (En,Fr,De)",1679,铁鹰战士 3,1,"[""Aces - Iron Eagle III (Japan)""]"
3230,"Ultimate Air Combat (Europe) (En,Fr,De)",1680,铁鹰战士 3 - 终极空战,4,"[""Ultimate Air Combat (Europe) (En,Fr,De)"", ""Ultimate Air Combat (Europe) (En,Fr,De) (Beta)"", ""Ultimate Air Combat (USA)"", ""Ultimate Air Combat (USA) (Beta)""]"
3233,Ultimate League Soccer (Europe) (Unl),17,AV足球,1,"[""AV Soccer (Japan) (En) (Unl)""]"
3233,Ultimate League Soccer (Europe) (Unl),696,巴西足球舞,1,"[""Futebol (Brazil) (Unl)""]"
3233,Ultimate League Soccer (Europe) (Unl),1377,终极足球联盟大赛,2,"[""Ultimate League Soccer (Europe) (Unl)"", ""Ultimate League Soccer (USA) (Unl)""]"
3291,Wacky Races (USA),1211,狮子王,1,"[""Lion King, The (Chiki-Chiki Dog) (Asia) (En) (Pirate)""]"
3291,Wacky Races (USA),1739,顽皮狗,2,"[""Wacky Races (USA)"", ""Chiki Chiki Machine Mou Race (Japan)""]"
3301,Wall Street Kid (USA),343,华尔街小子,1,"[""Wall Street Kid (USA)""]"
3301,Wall Street Kid (USA),1667,金钱游戏 2,1,"[""Money Game II, The - Kabutochou no Kiseki (Japan)""]"
3342,Wizardry - Knight of Diamonds - The Second Scenario (USA),688,巫术 2 - 钻石骑士,2,"[""Wizardry - Knight of Diamonds - The Second Scenario (USA)"", ""Wizardry - Knight of Diamonds - The Second Scenario (USA) (Beta)""]"
3342,Wizardry - Knight of Diamonds - The Second Scenario (USA),690,巫术 3 - 钻石骑士,1,"[""Wizardry III - Diamond no Kishi (Japan)""]"
3345,Wizards & Warriors (Europe),684,巫师与战士,1,"[""Densetsu no Kishi - Elrond (Japan)""]"
3345,Wizards & Warriors (Europe),686,巫术,3,"[""Wizards & Warriors (Europe)"", ""Wizards & Warriors (USA)"", ""Wizards & Warriors (USA) (Rev 1)""]"
3345,Wizards & Warriors (Europe),1358,精灵英雄传说,1,"[""Tale, The - Elrond no Eiyuu (Japan) (Beta)""]"
3356,World Champ (Europe),117,世界冠军,2,"[""World Champ (Europe)"", ""World Champ (USA)""]"
3356,World Champ (Europe),832,拳王冠军赛,1,"[""Great Boxing - Rush Up (Japan) (En)""]"
3385,Xiao Mali (Taiwan) (En) (Nei-Hu) (Unl),481,填格子,1,"[""Bingo (Taiwan) (En) (Unl)""]"
3385,Xiao Mali (Taiwan) (En) (Nei-Hu) (Unl),651,小玛丽,4,"[""Xiao Mali (Taiwan) (En) (Nei-Hu) (Unl)"", ""Xiao Mali (Taiwan) (En) (C&E) (Unl)"", ""Xiao Mali (Taiwan) (En) (Idea-Tek) (Unl)"", ""Xiao Mali (Asia) (En) (1996) (Pirate)""]"
3418,Yo! Noid (USA),231,假面忍者 - 花丸,1,"[""Kamen no Ninja - Hanamaru (Japan)""]"
3418,Yo! Noid (USA),1121,溜溜球大师,2,"[""Yo! Noid (USA)"", ""Yo! Noid (USA) (Beta)""]"
3467,Zombie Nation (USA),236,僵尸国度,2,"[""Zombie Nation (USA)"", ""Zombie Nation (USA) (Beta)""]"
3467,Zombie Nation (USA),916,暴坊天狗,1,"[""Abarenbou Tengu (Japan)""]"
