ra_game_id,title,category,achievements,status,dat_games,nointro_db_titles
40860,~Hack~ Difficult? Punch-Out!!,Hack,49,unmatched,,
19851,~Hack~ Final Fantasy: Age of WarMECH,Hack,36,unmatched,,
38255,~Hack~ Ghosts 'n Goblins: Powered Up!!,Hack,26,unmatched,,
12810,~Hack~ Mega Man V: Second Strike - Protoman Edition,Hack,39,unmatched,,
39071,~Hack~ The Adventure of Mario,Hack,37,unmatched,,
24943,~Hack~ The Legend of Zelda: Fall of Hyrule,Hack,29,unmatched,,
19538,~Hack~ The Legend of Zelda: Shadow of Night,Hack,43,unmatched,,
38346,~Hack~ Zelda II: Monster Festival,Hack,41,unmatched,,
4992,~Hack~ Zelda: The Legend of Link,Hack,41,unmatched,,
41176,~Homebrew~ Lights Out,Homebrew,50,unmatched,,
38491,Dragon Quest [Subset - Full Game Runs],Official,13,unmatched,,
38471,Kings of the Beach [Subset - Multiplayer],Official,6,unmatched,,
38490,Mini-Putt [Subset - Ace Putter],Official,8,unmatched,,
