collection,zip_name,original_name,ra_md5
RA - Nintendo Entertainment System,11-in-1 Ball Series (Asia).zip,11-in-1 Ball Series (Asia).nes,f80973d2e06e368e094a243ffb2520d7
RA - Nintendo Entertainment System,Ai Senshi Nicol (Japan) (FDS Conversion).zip,Ai Senshi Nicol (Japan) (FDS Conversion).nes,dcbcebe77032ddf925708b24de555c6e
RA - Nintendo Entertainment System,Armana no Kiseki (Asia) (Ja) (Kaiser) (KS-7017).zip,Armana no Kiseki (Asia) (Ja) (Kaiser) (KS-7017).nes,d73f4eb78aedb5eb4107fdaffefe5756
RA - Nintendo Entertainment System,Blaster Master (Europe).zip,Blaster Master (Europe).nes,db37e37750352fb6c30f9eb714e90e9e
RA - Nintendo Entertainment System,Blaster Master - The Lost Key (v1.0) (HalDanGhor) (Hack).zip,Blaster Master - The Lost Key (v1.0) (HalDanGhor) (Hack).nes,0e171ee834dbf375ea3180cb661b2b71
RA - Nintendo Entertainment System,Blaster Master - The Lost Key (v1.05) (HalDanGhor) (Hack).zip,Blaster Master - The Lost Key (v1.05) (HalDanGhor) (Hack).nes,6042c454fd87be069c3a616e2ec0fff1
RA - Nintendo Entertainment System,Castlevania (USA) (Red Scale) (v1.0) (EVC).zip,Castlevania (USA) (Red Scale) (v1.0) (EVC).nes,9c8623ca51f755a7e776e0b9f932f0ab
RA - Nintendo Entertainment System,Clu Clu Land (FDS Conversion) (v1.1) (Morgan Johansson).zip,Clu Clu Land (FDS Conversion) (v1.1) (Morgan Johansson).nes,aee23ed9fbfef07510aa9530ef42febf
RA - Nintendo Entertainment System,Dragon's Lair (Japan).zip,Dragon's Lair (Japan).nes,e310e8e2a625cd71a698540cb529e2bc
RA - Nintendo Entertainment System,Dynablaster (Europe).zip,Dynablaster (Europe).nes,3a8982c987a93b2f7c7eb7de2c102192
RA - Nintendo Entertainment System,Kinnikuman - Kinnikusei Oui Soudatsusen (Japan) (Rev 1) (Disk Writer).zip,Kinnikuman - Kinnikusei Oui Soudatsusen (Japan) (Rev 1) (Disk Writer).nes,e5237686150960dd8817bacb7fb34f9b
RA - Nintendo Entertainment System,"Legend of Zelda, The (USA) (GameCube Edition).zip","Legend of Zelda, The (USA) (GameCube Edition).nes",0b32851acecf93212b198e074c5e59bc
RA - Nintendo Entertainment System,LoZ2 - Shadow of Night (v2.5 Easy) (the icepenguin) (Hack).zip,LoZ2 - Shadow of Night (v2.5 Easy) (the icepenguin) (Hack).nes,8b3f7ca04c82ed2b759152268f27ed80
RA - Nintendo Entertainment System,Micro Machines (USA) (Aladdin Compact Cartridge) (Pl) (Unl).zip,Micro Machines (USA) (Aladdin Compact Cartridge) (Pl) (Unl).nes,5a28fc9c176769d206476416a515d17b
RA - Nintendo Entertainment System,Micro Machines (USA) (Aladdin Compact Cartridge) (Unl).zip,Micro Machines (USA) (Aladdin Compact Cartridge) (Unl).nes,1a9dd4d395d4cae369c586bfd4afff82
RA - Nintendo Entertainment System,New York Nyankies (Japan).zip,New York Nyankies (Japan).nes,89eed34ca4a758a5e6c1187907638957
RA - Nintendo Entertainment System,Ninja Gaiden (USA) (Pt) (Unknown).zip,Ninja Gaiden (USA) (Pt) (Unknown).nes,d9d4089eb560810b15c0cfe0e17aa070
RA - Nintendo Entertainment System,Ninja Gaiden (USA) (Pt) (v1.0).zip,Ninja Gaiden (USA) (Pt) (v1.0).nes,e94e95a7f698ae09cb1f1117b195507b
RA - Nintendo Entertainment System,Rockin' Kats (Europe).zip,Rockin' Kats (Europe).nes,d25ea57f0dfa04fe0916d6ad74274acf
RA - Nintendo Entertainment System,Tom & Jerry (Japan).zip,Tom & Jerry (Japan).nes,6e4a88a9cd7010ad52374e37ab2e8de8
RA - Nintendo Entertainment System,Tom & Jerry - The Ultimate Game of Cat and Mouse! (Europe).zip,Tom & Jerry - The Ultimate Game of Cat and Mouse! (Europe).nes,198f0a0802cc9a557041bf272cd2e95d
RA - Nintendo Entertainment System,Yousei Monogatari - Rod Land (Japan).zip,Yousei Monogatari - Rod Land (Japan).nes,17f9fd7dc35ae7125da454e8813e0dfb
RA - Nintendo Famicom Disk System,11-in-1 Ball Series (Asia).zip,11-in-1 Ball Series (Asia).nes,f80973d2e06e368e094a243ffb2520d7
RA - Nintendo Famicom Disk System,Ai Senshi Nicol (Japan) (FDS Conversion).zip,Ai Senshi Nicol (Japan) (FDS Conversion).nes,dcbcebe77032ddf925708b24de555c6e
RA - Nintendo Famicom Disk System,Armana no Kiseki (Asia) (Ja) (Kaiser) (KS-7017) (Pirate).zip,Armana no Kiseki (Asia) (Ja) (Kaiser) (KS-7017) (Pirate).nes,d73f4eb78aedb5eb4107fdaffefe5756
RA - Nintendo Famicom Disk System,Clu Clu Land (FDS Conversion) (v1.1) (Morgan Johansson).zip,Clu Clu Land (FDS Conversion) (v1.1) (Morgan Johansson).nes,aee23ed9fbfef07510aa9530ef42febf
