archive,family,series,kind,latest_local_snapshot,member_count,archive_bytes,archive_sha256,sets,rom_records,disk_records,eligible_rom_bytes,unique_file_bytes,repeated_file_bytes,repeated_file_percent,repeated_media_bytes,repeated_media_percent
Acorn - Archimedes - Datfile (79) (2026-06-11 15-44-51).zip,Redump,Acorn - Archimedes - Datfile,dat-bundle,True,1,17089,7cdc72f9f35a02755c7925b9b98001fcc1b9ae36908a976aa6e800d71f5b7933,79,226,0,33924345145,33924345145,0,0.0,0,0.0
Apple - Macintosh - Datfile (1357) (2026-06-18 14-24-14).zip,Redump,Apple - Macintosh - Datfile,dat-bundle,True,1,297222,be1cec34d1da163b989dbb08d946d873e07b568c63ae2639eddd058f42c03679,1357,4179,0,1136129705810,1135670997602,458708208,0.0403746337811813,458708208,0.04037464590079222
Arcade - Konami - FireBeat - Datfile (10) (2024-03-16 21-47-26).zip,Redump,Arcade - Konami - FireBeat - Datfile,dat-bundle,True,1,1769,f0d9198fb251a6fc84dc9bbd3ccd3d1f2ec94a25a5af79b1d2c327e1e23e9631,10,16,0,16638847723,16638847723,0,0.0,0,0.0
Arcade - Konami - System 573 - Datfile (44) (2024-04-22 19-05-57).zip,Redump,Arcade - Konami - System 573 - Datfile,dat-bundle,True,1,20326,89ecb726d0b6a6a7b3770188e1b4433a064889f4a62c7ed0ad1fdfc0d2e84051,44,325,0,12121029029,11812075013,308954016,2.54890913354647,308954016,2.548916916966642
Arcade - Konami - System GV - Datfile (2) (2024-09-06 23-18-18).zip,Redump,Arcade - Konami - System GV - Datfile,dat-bundle,True,1,3272,5b8294fa314f1f870107b8bd04a9da8b6d12e169e0346782dc1a789f4bee105a,2,72,0,1032556090,535270378,497285712,48.160648783738225,497285712,48.161081347036955
Arcade - Konami - e-Amusement - Datfile (49) (2025-09-28 21-05-27).zip,Redump,Arcade - Konami - e-Amusement - Datfile,dat-bundle,True,1,6334,7891b4fe6f6c9066dc6927b0e4b2f21b4ed264f6764437a63ff5e18db892b4c3,49,73,0,70748376257,70748376257,0,0.0,0,0.0
Arcade - Namco - Sega - Nintendo - Triforce - Datfile (22) (2024-03-27 18-54-01).zip,Redump,Arcade - Namco - Sega - Nintendo - Triforce - Datfile,dat-bundle,True,1,5250,0087cbf31afae209b94f0b9fa3be46e3c370194dfba4b9b052498130b82eff69,22,88,0,26186993763,26112806979,74186784,0.2832962984274263,74186784,0.28329639816050445
Arcade - Namco - System 246 - Datfile (13) (2025-09-28 21-11-36).zip,Redump,Arcade - Namco - System 246 - Datfile,dat-bundle,True,1,1953,d76841732bf06369954a29af9703e9f2273ab24f3361406c6810f7b428e78b10,13,15,0,35228159841,35228159841,0,0.0,0,0.0
Arcade - Sega - Chihiro - Datfile (19) (2025-10-07 18-40-35).zip,Redump,Arcade - Sega - Chihiro - Datfile,dat-bundle,True,1,4668,6ef819e872dd620a8e093e0bac868e98de1f8fcbc89adf58b8b8a9e534437c35,19,76,0,22654119144,22590530472,63588672,0.2806936416101688,63588672,0.28069374003955627
Arcade - Sega - Lindbergh - Datfile (71) (2025-09-28 21-13-42).zip,Redump,Arcade - Sega - Lindbergh - Datfile,dat-bundle,True,1,6758,0b5d2d9e26b418b0acc2db09678ed963450374b6723588add87c1c3e6ea0c244,71,71,0,199776468992,199776468992,0,0.0,0,0.0
Arcade - Sega - Naomi - Datfile (34) (2025-11-08 20-06-27).zip,Redump,Arcade - Sega - Naomi - Datfile,dat-bundle,True,1,8138,f4467a4e1dec6d0ff94076630aaabda9e40fe21808fa10133029279bb628107b,34,136,0,40580123664,40413632640,166491024,0.4102772711550404,166491024,0.41027741237577553
Arcade - Sega - Naomi 2 - Datfile (13) (2025-09-28 21-28-00).zip,Redump,Arcade - Sega - Naomi 2 - Datfile,dat-bundle,True,1,3510,c03d650473c988fe523da8f920b92690d63a9b16780d39686ec8c099bd050e42,13,52,0,15491128788,15440843028,50285760,0.32461004416252226,50285760,0.32461015656290987
Arcade - Sega - RingEdge - Datfile (49) (2025-11-09 01-52-37).zip,Redump,Arcade - Sega - RingEdge - Datfile,dat-bundle,True,1,4883,be0862df7f0664dad01cdc41386dcffdbdd15290dfdb49f717e0d750fcb43c2f,49,49,0,232543518720,232543518720,0,0.0,0,0.0
Arcade - Sega - RingEdge 2 - Datfile (42) (2025-10-11 06-53-10).zip,Redump,Arcade - Sega - RingEdge 2 - Datfile,dat-bundle,True,1,4203,ca4cdd6181aadd0f99a23e0345d2fcffbc8a3d226813359f738d37fcdf9a2f5a,42,42,0,207766454272,207766454272,0,0.0,0,0.0
Atari - Atari 2600 (Parent-Clone) (20260710-075425).zip,No-Intro,Atari - Atari 2600 (Parent-Clone),dat-bundle,True,1,70487,a9630d3fdd2216faeac48a7eb7569a122a12c80e574317dbb62819d41b546826,888,894,0,39460894,39460894,0,0.0,0,0.0
Atari - Atari 5200 (Parent-Clone) (20260412-121350).zip,No-Intro,Atari - Atari 5200 (Parent-Clone),dat-bundle,True,1,16870,298389272df1c5693466063499745f6b3f6550afeb6631e6b21d2b7b26d779a3,207,207,0,4245504,4245504,0,0.0,0,0.0
Atari - Atari 7800 (BIN) (Parent-Clone) (20260601-051249).zip,No-Intro,Atari - Atari 7800 (BIN) (Parent-Clone),dat-bundle,True,1,20243,e40a925d574ed446ef09918bf631478b27eaa1c4fb21289381bf6a54caf4a0cd,243,243,0,17530880,17530880,0,0.0,0,0.0
Atari - Atari Jaguar (J64) (Parent-Clone) (20260627-095657).zip,No-Intro,Atari - Atari Jaguar (J64) (Parent-Clone),dat-bundle,True,1,23733,7582b98836c13ece4c2fcfaa30d92568050e3ad3613aa4d5f368f8ac29d01a58,279,279,0,661373984,661373984,0,0.0,0,0.0
Atari - Atari Lynx (LYX) (Parent-Clone) (20260625-122811).zip,No-Intro,Atari - Atari Lynx (LYX) (Parent-Clone),dat-bundle,True,1,35394,bce5a08cba4eb4e0850da43e41a76a3e2ea815d8b644e19ebf186a7966abe1bc,434,434,0,112029361,112029361,0,0.0,0,0.0
Atari - Atari ST (Parent-Clone) (20260222-121844).zip,No-Intro,Atari - Atari ST (Parent-Clone),dat-bundle,True,1,35900,a73f745bdcf40e8bf9fac63157be036b7d0a90953983b7ecc6ead78b1c7e10a1,404,546,0,256463805,256463805,0,0.0,0,0.0
Atari - Jaguar CD Interactive Multimedia System - Datfile (38) (2026-04-03 15-50-49).zip,Redump,Atari - Jaguar CD Interactive Multimedia System - Datfile,dat-bundle,True,1,31789,671153063751dbd7b67cc3e2cbbd9f6eb4cecc74a10689e511ee8a51546b184a,38,517,0,11257698278,10526169830,731528448,6.498028548425093,731528448,6.498064311247887
Bandai - Pippin - Datfile (34) (2026-06-13 23-13-02).zip,Redump,Bandai - Pippin - Datfile,dat-bundle,True,1,5818,6f74b86bd41b21ac2a8f5308645945bc3093f1c88a7e2d0f91a92a53d214832e,34,68,0,16915938637,16915938637,0,0.0,0,0.0
Bandai - Playdia Quick Interactive System - Datfile (38) (2025-05-14 23-18-46).zip,Redump,Bandai - Playdia Quick Interactive System - Datfile,dat-bundle,True,1,9008,0afeaaa384e695b1ee03952428a57552b274b5864cb046041faac0ce8938e73f,38,112,0,25661611584,25661611584,0,0.0,0,0.0
Bandai - WonderSwan (Parent-Clone) (20260525-011654).zip,No-Intro,Bandai - WonderSwan (Parent-Clone),dat-bundle,True,1,22191,7cf39642186fcd9f940a16b52265fd0d0ff509c2ef220b5f13fdb97b8df1d903,257,257,0,336072704,336072704,0,0.0,0,0.0
Bandai - WonderSwan Color (Parent-Clone) (20260525-011610).zip,No-Intro,Bandai - WonderSwan Color (Parent-Clone),dat-bundle,True,1,21747,39ff08ac25147c94f01b994b3684dc1539e2dfee9d0b4f178210e979c5562cac,253,253,0,537804800,537804800,0,0.0,0,0.0
Coleco - ColecoVision (Parent-Clone) (20260710-180934).zip,No-Intro,Coleco - ColecoVision (Parent-Clone),dat-bundle,True,1,17933,6018d2e2e6bb600175d42757977accb8b6df01a8dc9f8a0adbddf6ae5e9b193c,201,201,0,3751424,3751424,0,0.0,0,0.0
Commodore - Amiga CD - Datfile (596) (2026-06-02 00-27-14).zip,Redump,Commodore - Amiga CD - Datfile,dat-bundle,True,1,109464,7de32d3cb42f8236232f2f46fc5a0b892a900afc04ae3e380f78b89fff4940e8,596,1538,0,368830167142,368152360726,677806416,0.18377195695574539,677806416,0.18377201350486408
Commodore - Amiga CD32 - Datfile (207) (2026-05-08 20-54-04).zip,Redump,Commodore - Amiga CD32 - Datfile,dat-bundle,True,1,117464,32623ac2a2291abfecc34895cc0f10fe80a6c9a76eb1e60d40f29c48fa30734e,207,1754,0,50895192456,50801883912,93308544,0.1833346913476499,93308544,0.18333537285771379
Commodore - Amiga CDTV - Datfile (61) (2026-05-16 20-58-08).zip,Redump,Commodore - Amiga CDTV - Datfile,dat-bundle,True,1,21540,18fbadef858c647b29e659317456932da9b11973ee95dc2ea4ec39f193e05943,61,304,0,17760376940,17760376940,0,0.0,0,0.0
Commodore - Commodore 64 (Parent-Clone) (20260410-230500).zip,No-Intro,Commodore - Commodore 64 (Parent-Clone),dat-bundle,True,1,30152,6ffea889eb31de647746121a82c1eedda7775b57e2e8dfe3f9cd65ce653f9bbc,349,398,0,14934002,14819314,114688,0.7679656129683122,114688,0.7679656129683122
Commodore - VIC-20 (Parent-Clone) (20231226-072946).zip,No-Intro,Commodore - VIC-20 (Parent-Clone),dat-bundle,True,1,23185,66d924ab364c2cfd234514d302107e0bc47ad46323c31cda6ed215358f6b64cd,293,310,0,2557952,2525184,32768,1.2810248198558847,32768,1.2810248198558847
Demul 0.7_180428 CHDs (split).zip,Demul,Demul CHDs (split),dat-bundle,True,1,4968,6629bf63d84185e305c62a3c5b711cc90546bc267f21b5c2a2fefa362e6d591c,106,0,106,0,0,0,,0,
Demul 0.7_180428 ROMs (split).zip,Demul,Demul ROMs (split),dat-bundle,True,1,74546,cda268798a157e015d4d74a7231d4dfd3655ad6a1e8be2d88ff33992bdaccc99,313,2025,0,25673779458,25459657217,214122241,0.8340113747190389,214122241,0.8340113747190389
FBNeo 1.0.0.3 260411 GIT915ea2e debug ROMs (split).zip,FBNeo,FBNeo ROMs (split),dat-bundle,False,18,3202405,fdef94091b087790e93ecf000c8f4fbf8fda160cc3739e4ce97194d360bb5bbc,24767,87669,0,69625468743,57293481339,12331987404,17.71189139066275,12331987404,17.711893474610388
FBNeo 1.0.0.3 260723 GIT7a28a7d debug ROMs (split).zip,FBNeo,FBNeo ROMs (split),dat-bundle,True,18,3273904,248a28ec8b63c5cf00be843d2fd2ddc9b59279c23adfd07882639d9cbfbb0f17,25444,89621,0,74413804712,59906351856,14507452856,19.49564722855855,14507452856,19.49564937477806
Fairchild - Channel F (Parent-Clone) (20120223-000000).zip,No-Intro,Fairchild - Channel F (Parent-Clone),dat-bundle,True,1,3785,9ca4779056812d30bb831f6594c9396929794249f5fa55c2e38e9e606fda49bf,37,37,0,87040,87040,0,0.0,0,0.0
Fujitsu - FM-Towns - Datfile (947) (2026-05-29 16-51-46).zip,Redump,Fujitsu - FM-Towns - Datfile,dat-bundle,True,1,865643,a98e5caad28ba70b4526ed2801658bc1e1bbbca76275aac01fb049ad58f3126d,947,13355,0,322383199773,316320856269,6062343504,1.8804774902255093,6062343504,1.8804870797919628
Funtech - Super Acan (Parent-Clone) (20240927-111000).zip,No-Intro,Funtech - Super Acan (Parent-Clone),dat-bundle,True,1,1707,2b9623cba7bda3315f69c66e119cfb37fe191f9a7c5eedf75e3757d290438cc0,12,13,0,23592960,23592960,0,0.0,0,0.0
GCE - Vectrex (Parent-Clone) (20260525-000205).zip,No-Intro,GCE - Vectrex (Parent-Clone),dat-bundle,True,1,4829,b93b02b86060ad543685a3f770abb9c6ada6f93e1cc49927f21eecc5b9bf6154,48,48,0,331351,331351,0,0.0,0,0.0
GamePark - GP32 (Parent-Clone) (20100224-080928).zip,No-Intro,GamePark - GP32 (Parent-Clone),dat-bundle,True,1,3573,ae5dd781cd12416fef30e8bc16ab97a84f7f7610752de557146bcfc607fc6f3f,35,35,0,505442304,505442304,0,0.0,0,0.0
HBMAME 0.288.2 ROMs (merged).zip,HBMAME,HBMAME ROMs (merged),dat-bundle,True,1,906239,c9a6db08d5d0279da6aa171c84103cc1ebfbf94628c5fff1f3e69590b395a659,750,26102,0,55463252627,54269485789,1193766838,2.1523563466937095,1193766838,2.1523563466937095
HBMAME 0.288.2 Rollback CHDs.zip,HBMAME,HBMAME Rollback CHDs,dat-bundle,True,1,761,9fa94e43e55aae13592c68d4ecb84913b653af44e235567d5d6ecb9eb4374712,6,0,6,0,0,0,,0,
HBMAME 0.288.2 Software List ROMs (merged).zip,HBMAME,HBMAME Software List ROMs (merged),dat-bundle,True,2,19095,9b672c1e5c50bf53d9d0dc87da21dcdeaed75fc82c56a70cf92532abb6b54c89,266,266,0,8066690257,8066690257,0,0.0,0,0.0
Hartung - Game Master (Parent-Clone) (20211012-064712).zip,No-Intro,Hartung - Game Master (Parent-Clone),dat-bundle,True,1,2166,57359b73e397fc52c84217be04e081595cca61798aaeaa49f31b8b796b55d7a3,19,19,0,487424,487424,0,0.0,0,0.0
IBM - PC compatible - Datfile (58837) (2026-06-15 06-43-57).zip,Redump,IBM - PC compatible - Datfile,dat-bundle,True,1,13835651,84af16416a18bd35cec1508f7315cd05b6587d55e66f099e0f9ba52bb1bfaadd,58837,192540,0,77142825153502,76808790105694,334035047808,0.4330085748652881,334035047808,0.43300866737346655
Incredible Technologies - Eagle - Datfile (7) (2023-04-07 23-42-32).zip,Redump,Incredible Technologies - Eagle - Datfile,dat-bundle,True,1,1622,bc46e50233fc4aca3bc9d9124ac088d5df60a8f167f8b6c392afedae43aace65,7,14,0,3965032874,3965032874,0,0.0,0,0.0
MAME 0.288 CHDs (merged) (dir2dat).zip,MAME,MAME CHDs (merged) (dir2dat),dat-bundle,True,1,53481,12f6c569d9a7db3c080a4ec5090bcb38054d7635c382192ce72d72e4f9200197,687,1042,0,1126649399834,1123624476364,3024923470,0.26848844640095587,3024923470,0.26848844640095587
MAME 0.288 CHDs (merged).zip,MAME,MAME CHDs (merged),dat-bundle,True,1,58462,e08b571c757cba2a2f5b789b78aa429280f81e17197f32eb0927650234241a4a,687,0,1042,0,0,0,,0,
MAME 0.288 ROMs (merged).zip,MAME,MAME ROMs (merged),dat-bundle,True,1,6367060,f8f0e832e94ec47719e9a7d17ca6ca906db04c067a8028f0506861ccc6a737d3,16146,169543,0,208405822086,204098054731,4307767355,2.0670091228172947,4307767355,2.0670555581413526
MAME 0.288 ROMs (split).zip,MAME,MAME ROMs (split),dat-bundle,True,1,6862915,d51fa15f187c7b01b4ec47a22e3d175ec0fdf612b1dca98403e8acdb5c2555e3,43220,184891,0,215626783939,204098054731,11528729208,5.346612789652993,11528729208,5.346728878804086
Magnavox - Odyssey 2 (Parent-Clone) (20260615-160449).zip,No-Intro,Magnavox - Odyssey 2 (Parent-Clone),dat-bundle,False,1,12390,9da3842d9236572b0c8658e39ad546a5bc37c63c6159b523c72db1d2d85898bc,133,133,0,495616,495616,0,0.0,0,0.0
Magnavox - Odyssey 2 (Parent-Clone) (20260615-160512).zip,No-Intro,Magnavox - Odyssey 2 (Parent-Clone),dat-bundle,True,1,12391,2f45f777f310cc43790512f560aa7a1f0b8df678794ece3eb218473f1150d75b,133,133,0,495616,495616,0,0.0,0,0.0
Mattel - Fisher-Price iXL - Datfile (26) (2026-02-20 02-28-55).zip,Redump,Mattel - Fisher-Price iXL - Datfile,dat-bundle,True,1,4389,4c082eca528c775b94b3d5b491d43df63a5195fcd20829d78e00c9474bf18170,26,52,0,3057844800,3057844800,0,0.0,0,0.0
Mattel - HyperScan - Datfile (8) (2024-02-26 19-18-13).zip,Redump,Mattel - HyperScan - Datfile,dat-bundle,True,1,1739,5ec759e3d8ee221f160966b2dbf2a7473f9f4543e2139971a30d3e1d11778043,8,16,0,1150650883,1150650883,0,0.0,0,0.0
Mattel - Intellivision (Parent-Clone) (20260710-181034).zip,No-Intro,Mattel - Intellivision (Parent-Clone),dat-bundle,False,1,26653,bf70bce068dbb7fcb61674060a0cf8169c94df61d76ef456c598efa6f4de808a,264,315,0,9830912,9830912,0,0.0,0,0.0
Mattel - Intellivision (Parent-Clone) (20260811-144508).zip,No-Intro,Mattel - Intellivision (Parent-Clone),dat-bundle,True,1,26659,280a4bc0175c0952c5d2f7b014b9fa5c7b85b95a4a489766f76727c6116c8b33,264,315,0,9830912,9830912,0,0.0,0,0.0
Memorex - Visual Information System - Datfile (72) (2025-11-25 12-09-13).zip,Redump,Memorex - Visual Information System - Datfile,dat-bundle,True,1,15853,97bb1f4099e3ba80d88ed4ebece2f4e2ee9bd1344255378272bebb2430905f19,72,198,0,18650056139,18650056139,0,0.0,0,0.0
Microsoft - MSX (Parent-Clone) (20260618-055428).zip,No-Intro,Microsoft - MSX (Parent-Clone),dat-bundle,True,1,74383,ee8419d65919b4399e8f9ea6e92f176cf8368a9d34b41131125294f1b1e4a020,952,952,0,41304100,41304100,0,0.0,0,0.0
Microsoft - MSX2 (Parent-Clone) (20260124-112728).zip,No-Intro,Microsoft - MSX2 (Parent-Clone),dat-bundle,True,1,17425,d3ae8d2faa1799c56431a2db29562b1c291783ac6ce277bbb74e60338ca1c916,201,201,0,49283072,49283072,0,0.0,0,0.0
Microsoft - Xbox - Datfile (2683) (2026-05-31 15-14-01).zip,Redump,Microsoft - Xbox - Datfile,dat-bundle,False,1,221134,be24ec987ba1ee1e19796267504b1dd98abedbede5a832688f6dab06f03d7050,2683,2689,0,20710509010327,20710509010327,0,0.0,0,0.0
Microsoft - Xbox - Datfile (2683) (2026-06-14 23-43-27).zip,Redump,Microsoft - Xbox - Datfile,dat-bundle,True,1,221139,9f119d6d565db23553b099c144a755734e60acdd985679dd271729833f43818f,2683,2689,0,20710509010327,20710509010327,0,0.0,0,0.0
Microsoft - Xbox 360 - Datfile (3690) (2026-06-02 13-01-15).zip,Redump,Microsoft - Xbox 360 - Datfile,dat-bundle,False,1,310446,75185082a7ace76f86aa770e56ca8cdb878f14e4ff2cdd243bc4edd05afdc959,3690,3699,0,29434775372090,29434775372090,0,0.0,0,0.0
Microsoft - Xbox 360 - Datfile (3691) (2026-06-15 03-15-02).zip,Redump,Microsoft - Xbox 360 - Datfile,dat-bundle,True,1,310535,412627179765d283e94c3a617bae824d44fccd05371c8ddc1bb50c5998ecc920,3691,3700,0,29442614067514,29442614067514,0,0.0,0,0.0
NEC - PC Engine - TurboGrafx-16 (Parent-Clone) (20260124-120557).zip,No-Intro,NEC - PC Engine - TurboGrafx-16 (Parent-Clone),dat-bundle,True,1,42884,1d8016addf04747b65395c47404fcd14027062429cc7778c7d14db6fa95e8bb9,509,509,0,216344064,216344064,0,0.0,0,0.0
NEC - PC Engine CD & TurboGrafx CD - Cuesheets (551) (2026-06-14 14-24-19).zip,Redump,NEC - PC Engine CD & TurboGrafx CD - Cuesheets,disc-layout-bundle,True,551,249391,2817723b87ffddfabc4adcfb7f9559ecb49a360b3b35876b2a949cfdbb191235,,,,,,,,,
NEC - PC Engine CD & TurboGrafx CD - Datfile (551) (2026-05-26 11-54-10).zip,Redump,NEC - PC Engine CD & TurboGrafx CD - Datfile,dat-bundle,False,1,1013345,ee96e4bfd96b7e0079d8d86dd2ee67664ce8e57ac0b4f75f655d5aed88f053bc,551,16311,0,255299858449,215060852257,40239006192,15.761468273605937,40239006192,15.761577495718692
NEC - PC Engine CD & TurboGrafx CD - Datfile (551) (2026-06-14 14-24-19).zip,Redump,NEC - PC Engine CD & TurboGrafx CD - Datfile,dat-bundle,True,1,1013345,3eb3e17ffd84df0c21edfda8953f2b1d8774835a5b631ae8b12f92b3f90b90f4,551,16311,0,255299858449,215060852257,40239006192,15.761468273605937,40239006192,15.761577495718692
NEC - PC Engine SuperGrafx (Parent-Clone) (20250913-112105).zip,No-Intro,NEC - PC Engine SuperGrafx (Parent-Clone),dat-bundle,True,1,1213,dd377035ea9969cbba9c084e6915fd119ca2ed005c4b2887f19d7e3e50b2ac1a,6,6,0,4325376,4325376,0,0.0,0,0.0
NEC - PC-88 series - Datfile (4) (2025-05-19 08-26-21).zip,Redump,NEC - PC-88 series - Datfile,dat-bundle,True,1,6608,0c816d1d5b092bfb06034a45c808ca72fa52bacb1f0e9696fe4de64a76a0d095,4,104,0,2081417142,1949234742,132182400,6.3505962996436205,132182400,6.350634102905133
NEC - PC-98 series - Datfile (127) (2026-04-06 22-04-02).zip,Redump,NEC - PC-98 series - Datfile,dat-bundle,True,1,84646,42b0fed609836413d26a1e0f7fe602b651368fae6baa659d16fa681d18087e2a,127,1262,0,30664940181,30664940181,0,0.0,0,0.0
NEC - PC-FX & PC-FXGA - Datfile (79) (2025-05-14 23-35-09).zip,Redump,NEC - PC-FX & PC-FXGA - Datfile,dat-bundle,True,1,60361,c9fa78386fefc8805790b95799471fc51ba85179978eca4af94be3d5bcc2b37d,79,946,0,47665287101,46687711229,977575872,2.0509178302620374,977575872,2.050922521861577
Nintendo - Family Computer Disk System (FDS) (Parent-Clone) (20260517-061737).zip,No-Intro,Nintendo - Family Computer Disk System (FDS) (Parent-Clone),dat-bundle,False,1,34831,7a4982c22777c76312a42bbdfa1bf126a083eeb6755dab61f957e916c5c51736,407,407,0,48068844,48068844,0,0.0,0,0.0
Nintendo - Family Computer Disk System (FDS) (Parent-Clone) (20260617-195332).zip,No-Intro,Nintendo - Family Computer Disk System (FDS) (Parent-Clone),dat-bundle,True,1,35165,4a3c06db632a95ec3ded3363ad48670e49e517f2aeb27bb67b5207b4f11f9df6,407,407,0,48068844,48068844,0,0.0,0,0.0
Nintendo - Family Computer Disk System (QD) (Parent-Clone) (20260617-195332).zip,No-Intro,Nintendo - Family Computer Disk System (QD) (Parent-Clone),dat-bundle,True,1,25967,e0ed649806f970df2fb7922965d9ad0f4351603bf7d0020aed4f0d3e9ddb5347,296,296,0,34521068,34521068,0,0.0,0,0.0
Nintendo - Game & Watch (Parent-Clone) (20260512-134045).zip,No-Intro,Nintendo - Game & Watch (Parent-Clone),dat-bundle,False,1,4929,9abacc3c43df363959c9eddb9e6263d5083c3688919ab4ac90c82bcd44a6db3d,53,54,0,181504,181504,0,0.0,0,0.0
Nintendo - Game & Watch (Parent-Clone) (20260512-134245).zip,No-Intro,Nintendo - Game & Watch (Parent-Clone),dat-bundle,True,1,4599,4b77d9102e2f9759fd267fa5c0120a585f59ff125bbb9b9b530025533bd2c50b,53,54,0,181504,181504,0,0.0,0,0.0
Nintendo - Game Boy (Parent-Clone) (20260602-070215).zip,No-Intro,Nintendo - Game Boy (Parent-Clone),dat-bundle,False,1,193053,310a9d5622ab8bdc92414ac45fc2b9c5a972455b47c736b0aacadc7ae4641d8f,2276,2276,0,624501504,624501504,0,0.0,0,0.0
Nintendo - Game Boy (Parent-Clone) (20260707-013717).zip,No-Intro,Nintendo - Game Boy (Parent-Clone),dat-bundle,False,1,193603,58eaf0950b2f15b14b3d0dc2c876017a06e9748bc9658a99d81c864d8f3a2e20,2284,2284,0,625451776,625451776,0,0.0,0,0.0
Nintendo - Game Boy (Parent-Clone) (20260814-115131).zip,No-Intro,Nintendo - Game Boy (Parent-Clone),dat-bundle,True,1,194231,19f1e8ab6342550b9ce88d4da1559dc7d358a0a0a8cd982ff41f3f729549135f,2292,2292,0,629809920,629809920,0,0.0,0,0.0
Nintendo - Game Boy Advance (Parent-Clone) (20260531-074517).zip,No-Intro,Nintendo - Game Boy Advance (Parent-Clone),dat-bundle,False,1,320429,e2d6c54f53152f193c3471799edc3a53fbc49e4930385c641d5516a268be7025,3745,3745,0,31925172945,31925172945,0,0.0,0,0.0
Nintendo - Game Boy Advance (Parent-Clone) (20260707-143610).zip,No-Intro,Nintendo - Game Boy Advance (Parent-Clone),dat-bundle,False,1,320679,2fc823d012e8e888a96e81cd67cf6f28ecb791ec0c838a1c4284f198c19bd490,3748,3748,0,31934557617,31934557617,0,0.0,0,0.0
Nintendo - Game Boy Advance (Parent-Clone) (20260812-060017).zip,No-Intro,Nintendo - Game Boy Advance (Parent-Clone),dat-bundle,True,1,320765,d4a5cf12c3d65f88bd0ee64e1282a523e9a85330272e0c0af43cc00f3397c44f,3749,3749,0,31935081905,31935081905,0,0.0,0,0.0
Nintendo - Game Boy Color (Parent-Clone) (20260602-074724).zip,No-Intro,Nintendo - Game Boy Color (Parent-Clone),dat-bundle,False,1,223282,a561391375c8b924353c82ec2e74b4faed9f66318e4c17e2c8cedc3d3292ccc9,2604,2604,0,3556548336,3556548336,0,0.0,0,0.0
Nintendo - Game Boy Color (Parent-Clone) (20260713-134329).zip,No-Intro,Nintendo - Game Boy Color (Parent-Clone),dat-bundle,False,1,224002,555953817f4f06360084926ac1eaf207af89b8491f55ba4c761283506f65c099,2612,2612,0,3568475888,3568475888,0,0.0,0,0.0
Nintendo - Game Boy Color (Parent-Clone) (20260715-062319).zip,No-Intro,Nintendo - Game Boy Color (Parent-Clone),dat-bundle,False,1,224002,87293bf6c78da7046a21d6a5122645899b82d2a0698095cd0efd63efa1389d70,2612,2612,0,3568475888,3568475888,0,0.0,0,0.0
Nintendo - Game Boy Color (Parent-Clone) (20260814-104253).zip,No-Intro,Nintendo - Game Boy Color (Parent-Clone),dat-bundle,True,1,224154,e479c5b716c884b7b4a25e74a63c0f563e8e2776656cb72df2f3d1e62a62820f,2614,2614,0,3569262320,3569262320,0,0.0,0,0.0
Nintendo - GameCube - Datfile (2019) (2026-05-26 18-53-50).zip,Redump,Nintendo - GameCube - Datfile,dat-bundle,False,1,166924,344b3f6527951017c6f62f0ec3716b7aa173291836438898c9b115a051c26654,2019,2019,0,2945007906816,2945007906816,0,0.0,0,0.0
Nintendo - GameCube - Datfile (2019) (2026-06-13 18-14-01).zip,Redump,Nintendo - GameCube - Datfile,dat-bundle,True,1,166924,3a03864c544e01fa4a57c5e5a8a54e758c611ab1e114a1f524aa9d9b02019130,2019,2019,0,2945007906816,2945007906816,0,0.0,0,0.0
Nintendo - New Nintendo 3DS (Decrypted) (Parent-Clone) (20260613-202423).zip,No-Intro,Nintendo - New Nintendo 3DS (Decrypted) (Parent-Clone),dat-bundle,True,1,2088,ff3bb55f6033f111702b868ec4da025559d7aa03ad29eeff045a9bac86d8b424,11,11,0,35970351104,35970351104,0,0.0,0,0.0
Nintendo - Nintendo 3DS (Decrypted) (Parent-Clone) (20260712-052649).zip,No-Intro,Nintendo - Nintendo 3DS (Decrypted) (Parent-Clone),dat-bundle,False,1,186623,ba8cb54bd3738d719c3aacc36a5f767575829d60b8501ca46cde71399a0637fc,2161,2161,0,2129784240640,2129784240640,0,0.0,0,0.0
Nintendo - Nintendo 3DS (Decrypted) (Parent-Clone) (20260814-103112).zip,No-Intro,Nintendo - Nintendo 3DS (Decrypted) (Parent-Clone),dat-bundle,True,1,186622,b4f1e24861645ea7755ac20fa6562194423dda77fceeb771b6933ddbb25eaa9b,2161,2161,0,2129784240640,2129784240640,0,0.0,0,0.0
Nintendo - Nintendo 64 (BigEndian) (Parent-Clone) (20260526-205751).zip,No-Intro,Nintendo - Nintendo 64 (BigEndian) (Parent-Clone),dat-bundle,False,1,103726,9e49026db15388081a9122980d651eb7d9784d6c34bad264c1445ac059eeecd1,1260,1260,0,21832844422,21832844422,0,0.0,0,0.0
Nintendo - Nintendo 64 (BigEndian) (Parent-Clone) (20260714-005344).zip,No-Intro,Nintendo - Nintendo 64 (BigEndian) (Parent-Clone),dat-bundle,False,1,104138,d55b125d571fec49725f236c5c33ea97ff6661490572a953980576b9d8b015df,1261,1261,0,21845918854,21845918854,0,0.0,0,0.0
Nintendo - Nintendo 64 (BigEndian) (Parent-Clone) (20260812-210023).zip,No-Intro,Nintendo - Nintendo 64 (BigEndian) (Parent-Clone),dat-bundle,True,1,104143,028df5752e4724231ecba2a3c9eafc4cbc8239fba68154da8919d07e6c5b0a6b,1261,1261,0,21615232134,21615232134,0,0.0,0,0.0
Nintendo - Nintendo 64DD (Parent-Clone) (20260519-220433).zip,No-Intro,Nintendo - Nintendo 64DD (Parent-Clone),dat-bundle,True,1,3585,0a5132310d2b7081e6861891ceac3414d280bc42bcc5bc933f3ae603e90b82d2,35,35,0,1449717760,1449717760,0,0.0,0,0.0
Nintendo - Nintendo DS (Decrypted) (Parent-Clone) (20260710-195126).zip,No-Intro,Nintendo - Nintendo DS (Decrypted) (Parent-Clone),dat-bundle,False,1,673515,ab7f03af3e23e0410b987ba2ceb675c4c721ce80efc99f7b7bc51029360730e5,7702,7702,0,431004724670,431004724670,0,0.0,0,0.0
Nintendo - Nintendo DS (Decrypted) (Parent-Clone) (20260814-040944).zip,No-Intro,Nintendo - Nintendo DS (Decrypted) (Parent-Clone),dat-bundle,True,1,674360,32368affa3830c73e85d2476a3ea1872797a9567aff86bea8e504b57ac48dc3d,7708,7708,0,431491263934,431491263934,0,0.0,0,0.0
Nintendo - Nintendo DSi (Decrypted) (Parent-Clone) (20260712-095539).zip,No-Intro,Nintendo - Nintendo DSi (Decrypted) (Parent-Clone),dat-bundle,False,1,6939,d5d3d23bd32aebef1929e616ebd1ec8d2810c88f6a881f922a862f7e11117d50,63,73,0,9144065424,9144065424,0,0.0,0,0.0
Nintendo - Nintendo DSi (Decrypted) (Parent-Clone) (20260810-110345).zip,No-Intro,Nintendo - Nintendo DSi (Decrypted) (Parent-Clone),dat-bundle,True,1,7344,399344f4468ee0b42969059046abd3f563c2134e6a0e69387550bdaf5037f273,68,78,0,9613827472,9613827472,0,0.0,0,0.0
Nintendo - Nintendo Entertainment System (DB Export) (20261002-002752).zip,No-Intro,Nintendo - Nintendo Entertainment System (DB Export),provenance-db-export,True,1,2688633,9f241c96f93ea5bd64bd3a32a17ddc6601696486a285005696435ead79a840f1,,,,,,,,,
Nintendo - Nintendo Entertainment System (Headered) (Dump Log) (20261002-002752).zip,No-Intro,Nintendo - Nintendo Entertainment System (Headered) (Dump Log),provenance-dumplog,True,1,393628,8c4d7e0dfcb44c859d24a387fb0bcf087b88800561088cee2a7aca3c42538214,,,,,,,,,
Nintendo - Nintendo Entertainment System (Headered) (Parent-Clone) (20260713-141345).zip,No-Intro,Nintendo - Nintendo Entertainment System (Headered) (Parent-Clone),dat-bundle,False,1,594613,2e9f0d118195ac489bee087ece410b4550b8279cb196c5c6554051d6d981d6b8,7286,7288,0,2891260410,2891260410,0,0.0,0,0.0
Nintendo - Nintendo Entertainment System (Headered) (Parent-Clone) (20261002-002752).zip,No-Intro,Nintendo - Nintendo Entertainment System (Headered) (Parent-Clone),dat-bundle,True,1,602415,b9b70cbba4d555941b8cbbeb39049ec1ff03e6a423e0c3e39a68c8f9b116c38f,7385,7387,0,2925260704,2925260704,0,0.0,0,0.0
Nintendo - Nintendo Entertainment System (Headerless) (Parent-Clone) (20261002-002752).zip,No-Intro,Nintendo - Nintendo Entertainment System (Headerless) (Parent-Clone),dat-bundle,True,1,602748,34f945eb602b0328a4d1ab42ccfc582d4e5e9754e5de83d1b908d25f88d0ac69,7388,7390,0,2925801968,2925801968,0,0.0,0,0.0
Nintendo - Pokemon Mini (Parent-Clone) (20260529-125415).zip,No-Intro,Nintendo - Pokemon Mini (Parent-Clone),dat-bundle,True,1,4548,3a144e27ade6ea9f00c7bc0b3f90c9556ac2b17de12ab1f91703ac14112eda1f,46,46,0,22698163,22698163,0,0.0,0,0.0
Nintendo - Satellaview (Parent-Clone) (20260619-093425).zip,No-Intro,Nintendo - Satellaview (Parent-Clone),dat-bundle,False,1,51903,c95b3dea1fc6791b55b923186a53b6c945bb73c77fb73a1af444bb4711fa3dad,602,603,0,597688320,596639744,1048576,0.17543859649122806,1048576,0.17543859649122806
Nintendo - Satellaview (Parent-Clone) (20260814-103513).zip,No-Intro,Nintendo - Satellaview (Parent-Clone),dat-bundle,True,1,52230,54313f8992fb19ea41a61dcf9756d0a12cbf23723dc41c7a4f313be8e34b1b98,603,604,0,599523328,598474752,1048576,0.17490161783996502,1048576,0.17490161783996502
Nintendo - Sufami Turbo (Parent-Clone) (20260529-125659).zip,No-Intro,Nintendo - Sufami Turbo (Parent-Clone),dat-bundle,True,1,1855,311ac629fe40a6f8fdab1ae7aa5c8ffd377d2f020fa8bd28139584991463aa34,13,13,0,7340032,7340032,0,0.0,0,0.0
Nintendo - Super Nintendo Entertainment System (Parent-Clone) (20260710-203222).zip,No-Intro,Nintendo - Super Nintendo Entertainment System (Parent-Clone),dat-bundle,True,1,353007,28ee192c6d96beed0cb287a88b48c6fc3f5f3c137e6da0b27179e55b0465afc3,4318,4318,0,6636981434,6636981434,0,0.0,0,0.0
Nintendo - Virtual Boy (Parent-Clone) (20260428-015207).zip,No-Intro,Nintendo - Virtual Boy (Parent-Clone),dat-bundle,False,1,7137,020f66be0971f762385527e4aab7976f8dd61fff89b2a10dbb126203f180cb4e,78,78,0,148570112,148570112,0,0.0,0,0.0
Nintendo - Virtual Boy (Parent-Clone) (20260805-170231).zip,No-Intro,Nintendo - Virtual Boy (Parent-Clone),dat-bundle,True,1,7685,c420a66c5d2df7fe41ad1f1baee8289b9a135f3ba50445e850db792a95f8484b,80,80,0,151715840,151715840,0,0.0,0,0.0
Nintendo - Wii - Datfile (3779) (2026-05-28 08-35-53).zip,Redump,Nintendo - Wii - Datfile,dat-bundle,False,1,319587,b5944d7f1c04de114669a2ef845313f37b69e55d961085b3eb8322a792e927a2,3779,3779,0,17894525730816,17894525730816,0,0.0,0,0.0
Nintendo - Wii - Datfile (3780) (2026-06-15 03-13-28).zip,Redump,Nintendo - Wii - Datfile,dat-bundle,True,1,319725,d4c1727dc0fb97895e7208b3914a833701dd81fb1311583ccd8b039d41dbe025,3780,3780,0,17899233050624,17899233050624,0,0.0,0,0.0
Palm - Datfile (159) (2026-04-04 02-22-51).zip,Redump,Palm - Datfile,dat-bundle,True,1,24605,22b178cecad6c90564f2c10e1561cc15882dcedb9aa8d787722304573a26295f,159,318,0,20477685472,20477685472,0,0.0,0,0.0
Panasonic - 3DO Interactive Multiplayer - Cuesheets (672) (2026-06-09 14-48-47).zip,Redump,Panasonic - 3DO Interactive Multiplayer - Cuesheets,disc-layout-bundle,True,672,173165,94f329e87edd8445d08930a3ea328574bb5bf9141d766209d721f6aaddf2456b,,,,,,,,,
Panasonic - 3DO Interactive Multiplayer - Datfile (672) (2026-05-17 17-30-10).zip,Redump,Panasonic - 3DO Interactive Multiplayer - Datfile,dat-bundle,False,1,101838,91dee83c123662bffa9bb5e237abd71cdf5673ccf4d65150fe055bf64e56faa5,672,1344,0,345848631366,345848631366,0,0.0,0,0.0
Panasonic - 3DO Interactive Multiplayer - Datfile (672) (2026-06-09 14-48-47).zip,Redump,Panasonic - 3DO Interactive Multiplayer - Datfile,dat-bundle,True,1,101837,ecbcd55714ada860623cd9f5b53cb03c478d0ade3b504aa75da0133dcd79e62e,672,1344,0,345848631366,345848631366,0,0.0,0,0.0
Philips - CD-i - Datfile (2425) (2026-05-03 02-47-58).zip,Redump,Philips - CD-i - Datfile,dat-bundle,True,1,452227,db34d98fb7bd063a71aa9d5f4cf0813888d5dfda5b422eb2e0dcf0005f4adc1b,2425,6293,0,1321653018499,1316108009155,5545009344,0.41955106721561924,5545009344,0.4195512223528726
Philips - Videopac+ (Parent-Clone) (20250423-131120).zip,No-Intro,Philips - Videopac+ (Parent-Clone),dat-bundle,True,1,3546,9a712c872ee980c8d48e030d3364a3e10205e5e07ab9a62cdfe82f21d7d753f2,34,34,0,280576,280576,0,0.0,0,0.0
Photo CD - Datfile (266) (2026-06-14 02-44-56).zip,Redump,Photo CD - Datfile,dat-bundle,True,1,157745,08b7f2ddcd37b06c7e28ae9b41d0d771f5236f980e986e085217531b930ea36f,266,2319,0,111450258014,110980857614,469400400,0.4211747988425792,469400400,0.421175961270425
PlayStation GameShark Updates - Datfile (34) (2026-05-08 11-58-25).zip,Redump,PlayStation GameShark Updates - Datfile,dat-bundle,True,1,78239,7e3cb26f9fa0d3f02a0412842942e8e3babaa230a893873e0ea9e706017012c6,34,1283,0,8221231300,7995006532,226224768,2.751713943384612,226224768,2.7517709962581707
Pocket PC - Datfile (82) (2026-06-05 22-34-02).zip,Redump,Pocket PC - Datfile,dat-bundle,True,1,13166,94dd883ee75a7b0b7cdb14d8269326ecb640b2777bf77e5396ed54b897f90951,82,164,0,16716267831,16716267831,0,0.0,0,0.0
SNK - Neo Geo CD - Cuesheets (111) (2026-05-06 12-21-03).zip,Redump,SNK - Neo Geo CD - Cuesheets,disc-layout-bundle,True,111,63413,68bce40248c187e41fc6591a0c4211f748039783c7346a8a8759f232305f041d,,,,,,,,,
SNK - Neo Geo CD - Datfile (111) (2026-05-06 12-21-03).zip,Redump,SNK - Neo Geo CD - Datfile,dat-bundle,True,1,207725,fe10d87d861ddb711c02ca3906bbd7ae75d980cc38092ee0f3f570ed0738795b,111,3357,0,64378924450,57281011810,7097912640,11.025211590033017,7097912640,11.025298468027795
SNK - NeoGeo Pocket (Parent-Clone) (20250904-215533).zip,No-Intro,SNK - NeoGeo Pocket (Parent-Clone),dat-bundle,True,1,1935,9d9854a5c038bca778e86be8b8b4f246ef402070f2b31f3e1fb438fc19b18276,13,13,0,12255232,12255232,0,0.0,0,0.0
SNK - NeoGeo Pocket Color (Parent-Clone) (20240506-123728).zip,No-Intro,SNK - NeoGeo Pocket Color (Parent-Clone),dat-bundle,False,1,11944,16bbd7ccf782034dc2b009df34cf1bfa1199541fac42fc358dd2fac042b8625c,128,128,0,188284928,188284928,0,0.0,0,0.0
SNK - NeoGeo Pocket Color (Parent-Clone) (20260626-085623).zip,No-Intro,SNK - NeoGeo Pocket Color (Parent-Clone),dat-bundle,True,1,12290,51af478131080eec54881ee70e17309e39fe4b846912072864402c698545316e,128,128,0,188284928,188284928,0,0.0,0,0.0
Sega - 32X (Parent-Clone) (20260317-140429).zip,No-Intro,Sega - 32X (Parent-Clone),dat-bundle,True,1,17864,cfd692aef95632686025af6f8382ac9d86817e93031bc8ab1c2479f6ee1c2088,227,227,0,630703774,630703774,0,0.0,0,0.0
Sega - Beena (Parent-Clone) (20240607-160830).zip,No-Intro,Sega - Beena (Parent-Clone),dat-bundle,True,1,6092,8b7f4dd7325c87a7db751ba77d63d64fe846c97334859b384663e4585e12c7ea,58,58,0,394264576,394264576,0,0.0,0,0.0
Sega - Dreamcast - Cuesheets (1516) (2026-06-14 18-25-41).zip,Redump,Sega - Dreamcast - Cuesheets,disc-layout-bundle,True,1516,535272,520d50726db086cf142841a69c58729498b8b7f09ec38a3e89fdbe4d045de3b7,,,,,,,,,
Sega - Dreamcast - Datfile (1516) (2026-05-31 11-59-27).zip,Redump,Sega - Dreamcast - Datfile,dat-bundle,False,1,756543,e4ce9916dc7219ffbb543e09b0fd74ef62989389a84ee4e694f497f51022a512,1516,12606,0,1745214791825,1674503609969,70711181856,4.051717999826035,70711181856,4.051721449529298
Sega - Dreamcast - Datfile (1516) (2026-06-14 18-25-41).zip,Redump,Sega - Dreamcast - Datfile,dat-bundle,True,1,756543,a900f4f43842f0a6631fc3abca7ddf558842a045a3b91388523b643620798ed5,1516,12606,0,1745214791825,1674503609969,70711181856,4.051717999826035,70711181856,4.051721449529298
Sega - Dreamcast - GDI Files (1427) (2026-06-14 13-24-27).zip,Redump,Sega - Dreamcast - GDI Files,disc-layout-bundle,True,1427,423653,bbaf2a554cd00ca58f756908b6cc84d5c019bd3883c0b7cbeb8c8f5a2de96187,,,,,,,,,
Sega - Game Gear (Parent-Clone) (20260706-223743).zip,No-Intro,Sega - Game Gear (Parent-Clone),dat-bundle,False,1,75595,d47ee28d859c569d86674290489ba396b8e721ae38b16f0c55755ecfe85c9342,927,927,0,317812641,317812641,0,0.0,0,0.0
Sega - Game Gear (Parent-Clone) (20260725-204513).zip,No-Intro,Sega - Game Gear (Parent-Clone),dat-bundle,True,1,75677,405565a2938a06cf5bb30159ae588e659f4911765cbdc8c2b53f58a2102735ee,928,928,0,317943713,317943713,0,0.0,0,0.0
Sega - Master System - Mark III (Parent-Clone) (20260527-203639).zip,No-Intro,Sega - Master System - Mark III (Parent-Clone),dat-bundle,False,1,99535,7d301b92d371e4c377723ffb514015e250eb8e24ce3cc42caec56ae608faf89c,1215,1215,0,269322593,269322593,0,0.0,0,0.0
Sega - Master System - Mark III (Parent-Clone) (20260706-223420).zip,No-Intro,Sega - Master System - Mark III (Parent-Clone),dat-bundle,False,1,99965,0c2145541e4bb9d32fb885acded0f2454104da133f6f8070cd426dcff17d900d,1216,1216,0,269453665,269453665,0,0.0,0,0.0
Sega - Master System - Mark III (Parent-Clone) (20260809-210908).zip,No-Intro,Sega - Master System - Mark III (Parent-Clone),dat-bundle,True,1,101860,a737916beeb522b97ac22f830dd0d336e2d7a141aee585ff181c77910a63dc2c,1240,1240,0,274876769,274876769,0,0.0,0,0.0
Sega - Mega CD & Sega CD - Cuesheets (549) (2026-05-28 18-06-58).zip,Redump,Sega - Mega CD & Sega CD - Cuesheets,disc-layout-bundle,True,549,199058,e02be77a49f3efb0b79f87b746e54f2cf3202a2d0ca4411724aac569cf0dbe6e,,,,,,,,,
Sega - Mega CD & Sega CD - Datfile (549) (2026-05-28 18-06-58).zip,Redump,Sega - Mega CD & Sega CD - Datfile,dat-bundle,True,1,538572,199b1c4a5fc1f126bf70221c71ef3ca17ab768f6ab018bf49e786df0aab1e0d4,549,8426,0,254722426624,227729644528,26992782096,10.596939756641254,26992782096,10.596980506036315
Sega - Mega Drive - Genesis (Parent-Clone) (20260714-063411).zip,No-Intro,Sega - Mega Drive - Genesis (Parent-Clone),dat-bundle,True,1,285732,88ed747f77f88a9c789c34f0ba989f265869bbc42c1f1b0c3b189d35d15950b4,3485,3486,0,5080152274,5080152274,0,0.0,0,0.0
Sega - PICO (Parent-Clone) (20250220-080006).zip,No-Intro,Sega - PICO (Parent-Clone),dat-bundle,True,1,40590,de694206a6b3e9690a2e08b59d60b3ed91ebb0b4f5293879c23509b79e09c108,447,447,0,478777103,478777103,0,0.0,0,0.0
Sega - Prologue 21 - Datfile (30) (2024-02-25 18-11-03).zip,Redump,Sega - Prologue 21 - Datfile,dat-bundle,True,1,58782,797545e0009881edcd8e531221a2548e6738d8f597f77bb2d329ad14801bd4bf,30,926,0,20463947038,20463947038,0,0.0,0,0.0
Sega - SG-1000 - SC-3000 (Parent-Clone) (20231205-110448).zip,No-Intro,Sega - SG-1000 - SC-3000 (Parent-Clone),dat-bundle,True,1,20821,7f3a10d2f49b04ee523eae81dd63ea294569c969bf831078f6bfadd34a12c705,247,247,0,8331264,8331264,0,0.0,0,0.0
Sega - Saturn - Cuesheets (2457) (2026-06-14 12-36-08).zip,Redump,Sega - Saturn - Cuesheets,disc-layout-bundle,True,2457,924414,ae7baf204b72a7e4f41da59eb5e03788f9ebf64f0493234922f04a1366d1c006,,,,,,,,,
Sega - Saturn - Datfile (2457) (2026-05-27 08-54-28).zip,Redump,Sega - Saturn - Datfile,dat-bundle,False,1,1944850,814e59252ec0727868866ce0dee5cb15382180c6a494f988adbfc03ff96273cd,2457,30575,0,1078242733946,927732404522,150510329424,13.958854039589362,150510329424,13.95890426637622
Sega - Saturn - Datfile (2457) (2026-06-14 12-36-08).zip,Redump,Sega - Saturn - Datfile,dat-bundle,True,1,1944849,a518b19b0e04e334b76a65e598459c0ce67abc8fdc7d1a677706cb205fa2ff5e,2457,30575,0,1078242733946,927732404522,150510329424,13.958854039589362,150510329424,13.95890426637622
Sharp - X1 (Waveform) (Parent-Clone) (20220720-115216).zip,No-Intro,Sharp - X1 (Waveform) (Parent-Clone),dat-bundle,True,1,1316,8857610af28fead42f3e5f267cbc55951a03c2e65343d4d45668a0d96b674066,8,8,0,113319294,113319294,0,0.0,0,0.0
Sharp - X68000 (Flux) (Parent-Clone) (20220302-045947).zip,No-Intro,Sharp - X68000 (Flux) (Parent-Clone),dat-bundle,True,1,21063,001643d68a6c0c5c669a9e315e8288dc8a67739a266e4e2eed0159c34c722c05,1,336,0,127868318,127868318,0,0.0,0,0.0
Sharp - X68000 - Datfile (30) (2025-06-16 20-51-40).zip,Redump,Sharp - X68000 - Datfile,dat-bundle,True,1,13127,3d0ed1a2d35eebb5ce5e28052d874eb114093e1d43c1d972885c4ee26e25a332,30,185,0,13096001898,13096001898,0,0.0,0,0.0
Sony - PlayStation - Datfile (10910) (2026-06-01 19-55-57).zip,Redump,Sony - PlayStation - Datfile,dat-bundle,False,1,4020451,8edbc81850bce4e7a1c9b8c1a5834dc126df4f7549a4f65394b10bf3d94dbb23,10910,60159,0,5038567651216,4614841682368,423725968848,8.409651277496266,423725968848,8.409661499928887
Sony - PlayStation - Datfile (10914) (2026-06-15 11-55-46).zip,Redump,Sony - PlayStation - Datfile,dat-bundle,True,1,4021187,a36c1f1710914070acd62c5ca4b37ca299c6800fbb70f3d4fcf31e960b274644,10914,60168,0,5039113857132,4615350077532,423763779600,8.409490073343653,423763779600,8.409500296067716
Sony - PlayStation 2 - Datfile (11770) (2026-06-02 03-21-13).zip,Redump,Sony - PlayStation 2 - Datfile,dat-bundle,False,1,1293579,fc7dbf852fd704ec8a5fa5448a349f549bb47948f83dc2365b98c17fb770aa60,11770,14976,0,28021878309610,28021187484874,690824736,0.002465304889155429,690824736,0.0024653049196529547
Sony - PlayStation 2 - Datfile (11774) (2026-06-15 03-41-38).zip,Redump,Sony - PlayStation 2 - Datfile,dat-bundle,True,1,1293937,0164cd4506a8da9f3b5f46e1c168d5b832ff3b5df2789f595d528a086db12cec,11774,14980,0,28038094865130,28037404040394,690824736,0.00246387901647039,690824736,0.002463879046932648
Sony - PlayStation 3 - Datfile (4497) (2026-05-31 16-00-26).zip,Redump,Sony - PlayStation 3 - Datfile,dat-bundle,False,1,413766,c6e7aa96f6a4036ba7c9faddc95245012c5a4801d7ac766f2e13e0af6c554890,4497,4509,0,41038847675570,41038847675570,0,0.0,0,0.0
Sony - PlayStation 3 - Datfile (4503) (2026-06-14 10-20-40).zip,Redump,Sony - PlayStation 3 - Datfile,dat-bundle,True,1,414361,1027fb281624dab26fe69fb9a3a0d63fcb0975216fcc6a13aa220df5a1a4b711,4503,4515,0,41080870341810,41080870341810,0,0.0,0,0.0
Sony - PlayStation Portable - Datfile (3493) (2026-05-29 09-26-18).zip,Redump,Sony - PlayStation Portable - Datfile,dat-bundle,False,1,321911,326691f9063e111470fafea569c6d0fb1d6d6f32de418ba48d193d7387697192,3493,3493,0,3366576857088,3366576857088,0,0.0,0,0.0
Sony - PlayStation Portable - Datfile (3500) (2026-06-13 08-01-46).zip,Redump,Sony - PlayStation Portable - Datfile,dat-bundle,True,1,322557,8495761aaf0f462b63f5598888e38c74f4d453b325896105bf6efabcc9ad2a41,3500,3500,0,3372969664512,3372969664512,0,0.0,0,0.0
TAB-Austria - Quizard - Datfile (15) (2023-09-13 02-29-02).zip,Redump,TAB-Austria - Quizard - Datfile,dat-bundle,True,1,2911,a84483ec6d8582fd086da1eca7e8413f4dd318e9f3180c28ba7938cb8cfe2c28,15,35,0,6285858892,6274131820,11727072,0.18656276256734017,11727072,0.1865628360544467
Tiger - Game.com (Parent-Clone) (20260529-061509).zip,No-Intro,Tiger - Game.com (Parent-Clone),dat-bundle,True,1,2714,9c49858130975f2da7b5057ecaebd0ecf772d5e1b55fcf5a859e54b879cc15bc,25,25,0,31494144,31494144,0,0.0,0,0.0
Tomy - Kiss-Site - Datfile (30) (2024-07-11 23-01-31).zip,Redump,Tomy - Kiss-Site - Datfile,dat-bundle,True,1,11420,b9900cf077228f8457265d0fd850e53821dd07c7c7d20a3181401dacdb601ae7,30,172,0,3722775121,3662883793,59891328,1.6087817838406575,59891328,1.6087914920555495
VM Labs - NUON - Datfile (11) (2025-01-23 03-39-43).zip,Redump,VM Labs - NUON - Datfile,dat-bundle,True,1,1560,f0c26b0f49c2f2b31657b1dd64cb645fdb35746493f2575ee2c7fe7b76d47b82,11,11,0,17007968256,17007968256,0,0.0,0,0.0
VTech - CreatiVision (Parent-Clone) (20260508-123203).zip,No-Intro,VTech - CreatiVision (Parent-Clone),dat-bundle,False,1,3891,006083096bd27d7488a0b3946301a218bcf1af995445029124d3eff6cb4f3052,39,39,0,325632,325632,0,0.0,0,0.0
VTech - CreatiVision (Parent-Clone) (20260805-022641).zip,No-Intro,VTech - CreatiVision (Parent-Clone),dat-bundle,True,1,4231,f4fa065e1e8fb46efe52828d8e3ae436aa76a9204bd6805692f2942ba91ebbd5,39,39,0,325632,325632,0,0.0,0,0.0
VTech - V.Flash & V.Smile Pro - Datfile (51) (2026-03-14 01-23-03).zip,Redump,VTech - V.Flash & V.Smile Pro - Datfile,dat-bundle,True,1,8593,36efc6a59a5ac201cecc932d11eba2042cdd20eb231336682a5486e37abe1226,51,102,0,24282599465,24282599465,0,0.0,0,0.0
VTech - V.Smile (Parent-Clone) (20260706-001555).zip,No-Intro,VTech - V.Smile (Parent-Clone),dat-bundle,False,1,38925,7a6768646e55f67b9fd7d544a496c9a10e1c8d096f6d280f6fcee02fe351a957,455,456,0,3852500992,3844112384,8388608,0.21774447345813946,8388608,0.21774447345813946
VTech - V.Smile (Parent-Clone) (20260811-084849).zip,No-Intro,VTech - V.Smile (Parent-Clone),dat-bundle,True,1,38836,a903ea6a0c7661c896fde1e8a869db565c3204e98fd2fb671410279b50bd580e,454,455,0,3852468224,3844079616,8388608,0.21774632553075668,8388608,0.21774632553075668
Visual Pinball (2026-01-02).zip,Visual Pinball,Visual Pinball,dat-bundle,True,132,17291777,3fa05aeb740697a0d307500d19722f2b045f6136f5929e3873a63e818d2f6e41,13670,298098,0,1756484919377,1606297059696,150187859681,8.550478175142516,150165480529,8.549483386757542
Watara - Supervision (Parent-Clone) (20250625-093232).zip,No-Intro,Watara - Supervision (Parent-Clone),dat-bundle,True,1,6803,b2f6d270da2f65aff7a1d233b9b8c901ebf14be6892d81e20bdc1bf4d3259b1b,74,74,0,5242880,5242880,0,0.0,0,0.0
Welback - Mega Duck (Parent-Clone) (20240623-225207).zip,No-Intro,Welback - Mega Duck (Parent-Clone),dat-bundle,True,1,2562,780d0fd4542b542e112fe3bf3d6849b8b180667acfde0de3c84fcd4f31994ae5,26,26,0,1703936,1703936,0,0.0,0,0.0
ZAPiT Games - Game Wave Family Entertainment System - Datfile (16) (2025-12-08 00-53-19).zip,Redump,ZAPiT Games - Game Wave Family Entertainment System - Datfile,dat-bundle,True,1,1990,6d83e060c317a97ae669f8708810db0fdac82b0a4ba10630831500492732c2d9,16,16,0,56461787136,56461787136,0,0.0,0,0.0
funworld - Photo Play - Datfile (17) (2026-06-11 16-18-31).zip,Redump,funworld - Photo Play - Datfile,dat-bundle,True,1,3049,eb7800671f366774567eebb4758c8448af7ffb2957e7717c258f6968c99e8596,17,34,0,10995260801,10995260801,0,0.0,0,0.0
